{"ATC":{"agency_id":"ATC","agency_name":"Astra Trans Carpatic SRL","agency_url":"https://astratranscarpatic.ro","agency_timezone":"EET","agency_lang":"ro","agency_phone":"","agency_fare_url":"","agency_email":"","agency_name_romanized":"","agency_name_brand":"","agency_state":"RO","agency_logo_url":"https://back-on-track.eu/wp-content/uploads/2025/03/logo_atc.jpg"},"BDŽ":{"agency_id":"BDŽ","agency_name":"БДЖ - Пътнически превози ЕООД","agency_url":"https://www.bdz.bg","agency_timezone":"EET","agency_lang":"bg","agency_phone":"","agency_fare_url":"","agency_email":"","agency_name_romanized":"Balgarski darzhavni zheleznitsi","agency_name_brand":"","agency_state":"BG","agency_logo_url":"https://back-on-track.eu/wp-content/uploads/2025/03/logo_bdz.jpg"},"ČD":{"agency_id":"ČD","agency_name":"České dráhy a.s.","agency_url":"https://www.cd.cz","agency_timezone":"CET","agency_lang":"cs","agency_phone":"","agency_fare_url":"https://www.cd.cz/en/nase-vlaky/nocni-vlaky/-27543/","agency_email":"","agency_name_romanized":"","agency_name_brand":"","agency_state":"CZ","agency_logo_url":"https://back-on-track.eu/wp-content/uploads/2025/03/logo_cd.jpg"},"CFM":{"agency_id":"CFM","agency_name":"Calea Ferată din Moldova","agency_url":"http://railway.md","agency_timezone":"EET","agency_lang":"ro","agency_phone":"","agency_fare_url":"","agency_email":"","agency_name_romanized":"","agency_name_brand":"","agency_state":"MD","agency_logo_url":"https://back-on-track.eu/wp-content/uploads/2025/03/logo_cfm.jpg"},"CFR":{"agency_id":"CFR","agency_name":"C.F.R. Călători S.A.","agency_url":"https://www.cfrcalatori.ro","agency_timezone":"EET","agency_lang":"ro","agency_phone":"","agency_fare_url":"","agency_email":"","agency_name_romanized":"","agency_name_brand":"","agency_state":"RO","agency_logo_url":"https://back-on-track.eu/wp-content/uploads/2025/03/logo_cfr.jpg"},"CS":{"agency_id":"CS","agency_name":"Caledonian Sleeper Ltd.","agency_url":"https://www.sleeper.scot","agency_timezone":"WET","agency_lang":"en","agency_phone":"","agency_fare_url":"","agency_email":"","agency_name_romanized":"","agency_name_brand":"Caledonian Sleeper","agency_state":"UK","agency_logo_url":"https://back-on-track.eu/wp-content/uploads/2025/03/logo_cs.jpg"},"ES":{"agency_id":"ES","agency_name":"European Sleeper Cooperatïe","agency_url":"https://www.europeansleeper.eu","agency_timezone":"CET","agency_lang":"nl","agency_phone":"","agency_fare_url":"","agency_email":"","agency_name_romanized":"","agency_name_brand":"","agency_state":"NL","agency_logo_url":"https://back-on-track.eu/wp-content/uploads/2025/03/logo_es.jpg"},"FS":{"agency_id":"FS","agency_name":"Trenitalia S.p.A","agency_url":"https://www.trenitalia.com","agency_timezone":"CET","agency_lang":"en","agency_phone":"","agency_fare_url":"","agency_email":"","agency_name_romanized":"","agency_name_brand":"","agency_state":"IT","agency_logo_url":"https://back-on-track.eu/wp-content/uploads/2025/03/logo_fs.jpg"},"GA":{"agency_id":"GA","agency_name":"Go-Ahead Norge AS","agency_url":"https://go-aheadnordic.com","agency_timezone":"CET","agency_lang":"nb","agency_phone":"","agency_fare_url":"","agency_email":"","agency_name_romanized":"","agency_name_brand":"Go-Ahead Nordic","agency_state":"UK","agency_logo_url":"https://back-on-track.eu/wp-content/uploads/2025/03/logo_ga.jpg"},"GWR":{"agency_id":"GWR","agency_name":"First Greater Western Ltd.","agency_url":"https://www.gwr.com","agency_timezone":"WET","agency_lang":"en","agency_phone":"","agency_fare_url":"","agency_email":"","agency_name_romanized":"","agency_name_brand":"Great Western","agency_state":"UK","agency_logo_url":"https://back-on-track.eu/wp-content/uploads/2025/03/logo_gwr.jpg"},"HŽPP":{"agency_id":"HŽPP","agency_name":"HŽ Putnički prijevoz d.o.o.","agency_url":"https://www.hzpp.hr","agency_timezone":"CET","agency_lang":"hr","agency_phone":"","agency_fare_url":"","agency_email":"","agency_name_romanized":"","agency_name_brand":"","agency_state":"HR","agency_logo_url":"https://back-on-track.eu/wp-content/uploads/2025/03/logo_hzpp.jpg"},"MÁV":{"agency_id":"MÁV","agency_name":"MÁV-START Vasúti Személyszállító Zrt.","agency_url":"https://www.mavcsoport.hu","agency_timezone":"CET","agency_lang":"hu","agency_phone":"","agency_fare_url":"https://jegy.mav.hu/","agency_email":"","agency_name_romanized":"","agency_name_brand":"","agency_state":"HU","agency_logo_url":"https://back-on-track.eu/wp-content/uploads/2025/03/logo_mav.jpg"},"MT":{"agency_id":"MT","agency_name":"00H00 SAS","agency_url":"https://www.midnight-trains.com","agency_timezone":"CET","agency_lang":"fr","agency_phone":"","agency_fare_url":"","agency_email":"","agency_name_romanized":"","agency_name_brand":"Midnight Trains","agency_state":"FR","agency_logo_url":"https://back-on-track.eu/wp-content/uploads/2025/03/logo_mt.jpg"},"ÖBB":{"agency_id":"ÖBB","agency_name":"ÖBB-Personenverkehr AG","agency_url":"https://personenverkehr.oebb.at","agency_timezone":"CET","agency_lang":"de-AT","agency_phone":"","agency_fare_url":"https://www.nightjet.com/","agency_email":"","agency_name_romanized":"","agency_name_brand":"nightjet","agency_state":"AT","agency_logo_url":"https://back-on-track.eu/wp-content/uploads/2025/03/logo_obb.jpg"},"OTE":{"agency_id":"OTE","agency_name":"Optima Tours","agency_url":"https://www.optimatours.de","agency_timezone":"CET","agency_lang":"de","agency_phone":"","agency_fare_url":"","agency_email":"","agency_name_romanized":"","agency_name_brand":"","agency_state":"DE","agency_logo_url":"https://back-on-track.eu/wp-content/uploads/2025/03/logo_ote.jpg"},"PKP":{"agency_id":"PKP","agency_name":"PKP Intercity S.A.","agency_url":"https://www.intercity.pl","agency_timezone":"CET","agency_lang":"pl","agency_phone":"","agency_fare_url":"","agency_email":"","agency_name_romanized":"","agency_name_brand":"","agency_state":"PL","agency_logo_url":"https://back-on-track.eu/wp-content/uploads/2025/04/logo_pkp.jpg"},"RDC":{"agency_id":"RDC","agency_name":"RDC Deutschland","agency_url":"https://www.rdc-deutschland.de","agency_timezone":"CET","agency_lang":"de","agency_phone":"","agency_fare_url":"","agency_email":"","agency_name_romanized":"","agency_name_brand":"BahnTouristikExpress","agency_state":"US","agency_logo_url":"https://back-on-track.eu/wp-content/uploads/2025/03/logo_rdc.jpg"},"RJ":{"agency_id":"RJ","agency_name":"RegioJet a.s.","agency_url":"https://regiojet.com","agency_timezone":"CET","agency_lang":"cs","agency_phone":"","agency_fare_url":"","agency_email":"","agency_name_romanized":"","agency_name_brand":"","agency_state":"CZ","agency_logo_url":"https://back-on-track.eu/wp-content/uploads/2025/03/logo_rj.jpg"},"SJ":{"agency_id":"SJ","agency_name":"SJ AB","agency_url":"https://www.sj.se","agency_timezone":"CET","agency_lang":"sv","agency_phone":"","agency_fare_url":"","agency_email":"","agency_name_romanized":"","agency_name_brand":"","agency_state":"SE","agency_logo_url":"https://back-on-track.eu/wp-content/uploads/2025/03/logo_sj.jpg"},"SJN":{"agency_id":"SJN","agency_name":"SJ Norge AS","agency_url":"https://www.sj.no/","agency_timezone":"CET","agency_lang":"nb","agency_phone":"","agency_fare_url":"","agency_email":"","agency_name_romanized":"","agency_name_brand":"SJ Nord","agency_state":"NO","agency_logo_url":"https://back-on-track.eu/wp-content/uploads/2025/03/logo_sjn.jpg"},"SNCF":{"agency_id":"SNCF","agency_name":"SNCF Voyageurs SA","agency_url":"https://www.sncf.com","agency_timezone":"CET","agency_lang":"fr","agency_phone":"","agency_fare_url":"https://www.sncf-connect.com/en-en/","agency_email":"","agency_name_romanized":"","agency_name_brand":"SNCF","agency_state":"FR","agency_logo_url":"https://back-on-track.eu/wp-content/uploads/2025/03/logo_sncf.jpg"},"ST":{"agency_id":"ST","agency_name":"Merresor AB","agency_url":"https://www.snalltaget.se","agency_timezone":"CET","agency_lang":"sv","agency_phone":"","agency_fare_url":"","agency_email":"","agency_name_romanized":"","agency_name_brand":"Snälltåget","agency_state":"DE","agency_logo_url":"https://back-on-track.eu/wp-content/uploads/2025/03/logo_st.jpg"},"TCDD":{"agency_id":"TCDD","agency_name":"TCDD Taşımacılık A.Ş.","agency_url":"https://www.tcddtasimacilik.gov.tr/","agency_timezone":"Europe/Istanbul","agency_lang":"tr","agency_phone":"","agency_fare_url":"","agency_email":"","agency_name_romanized":"","agency_name_brand":"","agency_state":"TR","agency_logo_url":"https://back-on-track.eu/wp-content/uploads/2025/03/logo_tcdd.jpg"},"UEX":{"agency_id":"UEX","agency_name":"Train4you Vertriebs GmbH","agency_url":"https://buchung.urlaubs-express.de/","agency_timezone":"CET","agency_lang":"de","agency_phone":"","agency_fare_url":"https://buchung.urlaubs-express.de/","agency_email":"","agency_name_romanized":"","agency_name_brand":"Urlaubs-Express","agency_state":"DE","agency_logo_url":"https://back-on-track.eu/wp-content/uploads/2025/03/logo_uex.jpg"},"UZ":{"agency_id":"UZ","agency_name":"Укрзалізниця","agency_url":"https://www.uz.gov.ua/","agency_timezone":"EET","agency_lang":"uk","agency_phone":"","agency_fare_url":"https://booking.uz.gov.ua/","agency_email":"","agency_name_romanized":"Ukrzaliznytsia","agency_name_brand":"","agency_state":"UA","agency_logo_url":"https://back-on-track.eu/wp-content/uploads/2025/03/logo_uz.jpg"},"VR":{"agency_id":"VR","agency_name":"VR-Yhtymä Oy","agency_url":"https://www.vr.fi","agency_timezone":"EET","agency_lang":"fi","agency_phone":"","agency_fare_url":"","agency_email":"","agency_name_romanized":"","agency_name_brand":"","agency_state":"FI","agency_logo_url":"https://back-on-track.eu/wp-content/uploads/2025/03/logo_vr.jpg"},"VY":{"agency_id":"VY","agency_name":"Vygruppen AS","agency_url":"https://www.vy.no","agency_timezone":"CET","agency_lang":"nb","agency_phone":"","agency_fare_url":"","agency_email":"","agency_name_romanized":"","agency_name_brand":"","agency_state":"NO","agency_logo_url":"https://back-on-track.eu/wp-content/uploads/2025/03/logo_vy.jpg"},"ŽPCG":{"agency_id":"ŽPCG","agency_name":"Željeznički prevoz Crne Gore AD","agency_url":"https://www.zcg-prevoz.me","agency_timezone":"CET","agency_lang":"cnr","agency_phone":"","agency_fare_url":"","agency_email":"","agency_name_romanized":"","agency_name_brand":"","agency_state":"ME","agency_logo_url":"https://back-on-track.eu/wp-content/uploads/2025/03/logo_zpcg.jpg"},"ŽS":{"agency_id":"ŽS","agency_name":"Железнице Србије ад","agency_url":"https://srbijavoz.rs","agency_timezone":"CET","agency_lang":"sr","agency_phone":"","agency_fare_url":"https://w3.srbvoz.rs","agency_email":"","agency_name_romanized":"Železnice Srbije","agency_name_brand":"","agency_state":"RS","agency_logo_url":"https://back-on-track.eu/wp-content/uploads/2025/03/logo_zs.jpg"},"ZSSK":{"agency_id":"ZSSK","agency_name":"Železničná spoločnosť Slovensko a.s.","agency_url":"https://www.zssk.sk","agency_timezone":"CET","agency_lang":"sk","agency_phone":"","agency_fare_url":"","agency_email":"","agency_name_romanized":"","agency_name_brand":"","agency_state":"SK","agency_logo_url":"https://back-on-track.eu/wp-content/uploads/2025/03/logo_zssk.jpg"}}