{"1":{"UID":1,"train_id":"ÖBB NJ 233","service_id":"","date":"2023-09-09T00:00:00.000Z","date_from":"","date_until":"","exception_type":2},"2":{"UID":2,"train_id":"ÖBB NJ 233","service_id":"","date":"2023-09-28T00:00:00.000Z","date_from":"","date_until":"","exception_type":2},"3":{"UID":3,"train_id":"ÖBB NJ 233","service_id":"","date":"2023-10-12T00:00:00.000Z","date_from":"","date_until":"","exception_type":2},"4":{"UID":4,"train_id":"ÖBB NJ 233","service_id":"","date":"2023-10-14T00:00:00.000Z","date_from":"","date_until":"","exception_type":2},"5":{"UID":5,"train_id":"ÖBB NJ 233","service_id":"","date":"2023-10-23T00:00:00.000Z","date_from":"","date_until":"","exception_type":2},"6":{"UID":6,"train_id":"ÖBB NJ 233","service_id":"","date":"2023-10-28T00:00:00.000Z","date_from":"","date_until":"","exception_type":2},"7":{"UID":7,"train_id":"ÖBB NJ 233","service_id":"","date":"2023-11-10T00:00:00.000Z","date_from":"","date_until":"","exception_type":2},"8":{"UID":8,"train_id":"ÖBB NJ 233","service_id":"","date":"2023-11-16T00:00:00.000Z","date_from":"","date_until":"","exception_type":2},"9":{"UID":9,"train_id":"ÖBB NJ 233","service_id":"","date":"","date_from":"2023-12-02T00:00:00.000Z","date_until":"2023-12-04T00:00:00.000Z","exception_type":""},"10":{"UID":10,"train_id":"ÖBB NJ 233","service_id":"","date":"2023-12-09T00:00:00.000Z","date_from":"","date_until":"","exception_type":2},"11":{"UID":11,"train_id":"ÖBB NJ 236","service_id":"","date":"","date_from":"2023-09-05T00:00:00.000Z","date_until":"2023-09-09T00:00:00.000Z","exception_type":""},"12":{"UID":12,"train_id":"ÖBB NJ 236","service_id":"","date":"2023-09-30T00:00:00.000Z","date_from":"","date_until":"","exception_type":2},"13":{"UID":13,"train_id":"ÖBB NJ 236","service_id":"","date":"2023-10-01T00:00:00.000Z","date_from":"","date_until":"","exception_type":2},"14":{"UID":14,"train_id":"ÖBB NJ 236","service_id":"","date":"2023-12-09T00:00:00.000Z","date_from":"","date_until":"","exception_type":2},"15":{"UID":15,"train_id":"ÖBB NJ 237","service_id":"","date":"","date_from":"2023-09-06T00:00:00.000Z","date_until":"2023-09-10T00:00:00.000Z","exception_type":""},"16":{"UID":16,"train_id":"ÖBB NJ 237","service_id":"","date":"2023-09-30T00:00:00.000Z","date_from":"","date_until":"","exception_type":2},"17":{"UID":17,"train_id":"ÖBB NJ 237","service_id":"","date":"2023-10-01T00:00:00.000Z","date_from":"","date_until":"","exception_type":2},"18":{"UID":18,"train_id":"ÖBB NJ 403","service_id":"","date":"2023-08-27T00:00:00.000Z","date_from":"2023-10-06T00:00:00.000Z","date_until":"2023-11-01T00:00:00.000Z","exception_type":2},"19":{"UID":19,"train_id":"ÖBB NJ 408","service_id":"","date":"2023-10-07T00:00:00.000Z","date_from":"2023-09-29T00:00:00.000Z","date_until":"2023-10-01T00:00:00.000Z","exception_type":2},"20":{"UID":20,"train_id":"ÖBB NJ 408","service_id":"","date":"2023-10-14T00:00:00.000Z","date_from":"","date_until":"","exception_type":2},"21":{"UID":21,"train_id":"ÖBB NJ 408","service_id":"","date":"2023-10-16T00:00:00.000Z","date_from":"","date_until":"","exception_type":2},"22":{"UID":22,"train_id":"ÖBB NJ 408","service_id":"","date":"2023-10-19T00:00:00.000Z","date_from":"2023-10-27T00:00:00.000Z","date_until":"2023-10-29T00:00:00.000Z","exception_type":2},"23":{"UID":23,"train_id":"ÖBB NJ 408","service_id":"","date":"2023-11-17T00:00:00.000Z","date_from":"","date_until":"","exception_type":2},"24":{"UID":24,"train_id":"ÖBB NJ 408","service_id":"","date":"2023-11-25T00:00:00.000Z","date_from":"","date_until":"","exception_type":2},"25":{"UID":25,"train_id":"ÖBB NJ 409","service_id":"","date":"","date_from":"2023-09-28T00:00:00.000Z","date_until":"2023-09-29T00:00:00.000Z","exception_type":""},"26":{"UID":26,"train_id":"ÖBB NJ 409","service_id":"","date":"","date_from":"","date_until":"","exception_type":""},"27":{"UID":27,"train_id":"SNCF IC Nuit 3789 (2024)","service_id":"Fri, Sun (daily in holidays in région C)","date":"","date_from":"2024-12-25T00:00:00.000Z","date_until":"2024-01-07T00:00:00.000Z","exception_type":1},"28":{"UID":28,"train_id":"SNCF IC Nuit 3789 (2024)","service_id":"Fri, Sun (daily in holidays in région C)","date":"","date_from":"2024-02-11T00:00:00.000Z","date_until":"2024-02-25T00:00:00.000Z","exception_type":1},"29":{"UID":29,"train_id":"SNCF IC Nuit 3789 (2024)","service_id":"Fri, Sun (daily in holidays in région C)","date":"","date_from":"2024-04-08T00:00:00.000Z","date_until":"2024-04-21T00:00:00.000Z","exception_type":1},"30":{"UID":30,"train_id":"SNCF IC Nuit 3789 (2024)","service_id":"Fri, Sun (daily in holidays in région C)","date":"","date_from":"2024-07-06T00:00:00.000Z","date_until":"2024-09-01T00:00:00.000Z","exception_type":1},"31":{"UID":31,"train_id":"SNCF IC Nuit 3789 (2024)","service_id":"Fri, Sun (daily in holidays in région C)","date":"","date_from":"2024-10-21T00:00:00.000Z","date_until":"2024-11-03T00:00:00.000Z","exception_type":1},"32":{"UID":32,"train_id":"SNCF IC Nuit 3790 (2024)","service_id":"Fri, Sun (daily in holidays in région C)","date":"","date_from":"2024-12-25T00:00:00.000Z","date_until":"2024-01-07T00:00:00.000Z","exception_type":1},"33":{"UID":33,"train_id":"SNCF IC Nuit 3790 (2024)","service_id":"Fri, Sun (daily in holidays in région C)","date":"","date_from":"2024-02-11T00:00:00.000Z","date_until":"2024-02-25T00:00:00.000Z","exception_type":1},"34":{"UID":34,"train_id":"SNCF IC Nuit 3790 (2024)","service_id":"Fri, Sun (daily in holidays in région C)","date":"","date_from":"2024-04-08T00:00:00.000Z","date_until":"2024-04-21T00:00:00.000Z","exception_type":1},"35":{"UID":35,"train_id":"SNCF IC Nuit 3790 (2024)","service_id":"Fri, Sun (daily in holidays in région C)","date":"","date_from":"2024-07-06T00:00:00.000Z","date_until":"2024-09-01T00:00:00.000Z","exception_type":1},"36":{"UID":36,"train_id":"SNCF IC Nuit 3790 (2024)","service_id":"Fri, Sun (daily in holidays in région C)","date":"","date_from":"2024-10-21T00:00:00.000Z","date_until":"2024-11-03T00:00:00.000Z","exception_type":1},"37":{"UID":37,"train_id":"ZSSK EN 1152","service_id":"2024/05/04-2024/10/03: Mon, Thu, Sat","date":"2024-05-11T00:00:00.000Z","date_from":"","date_until":"","exception_type":2},"38":{"UID":38,"train_id":"ZSSK EN 1152","service_id":"2024/05/04-2024/10/03: Mon, Thu, Sat","date":"2024-05-13T00:00:00.000Z","date_from":"","date_until":"","exception_type":2},"39":{"UID":39,"train_id":"ZSSK EN 1152","service_id":"2024/05/04-2024/10/03: Mon, Thu, Sat","date":"2024-05-25T00:00:00.000Z","date_from":"","date_until":"","exception_type":2},"40":{"UID":40,"train_id":"ZSSK EN 1152","service_id":"2024/05/04-2024/10/03: Mon, Thu, Sat","date":"2024-05-27T00:00:00.000Z","date_from":"","date_until":"","exception_type":2},"41":{"UID":41,"train_id":"ZSSK EN 1152","service_id":"2024/05/04-2024/10/03: Mon, Thu, Sat","date":"2024-06-08T00:00:00.000Z","date_from":"","date_until":"","exception_type":2},"42":{"UID":42,"train_id":"ZSSK EN 1152","service_id":"2024/05/04-2024/10/03: Mon, Thu, Sat","date":"2024-06-10T00:00:00.000Z","date_from":"","date_until":"","exception_type":2},"43":{"UID":43,"train_id":"ZSSK EN 1152","service_id":"2024/05/04-2024/10/03: Mon, Thu, Sat","date":"2024-06-22T00:00:00.000Z","date_from":"","date_until":"","exception_type":2},"44":{"UID":44,"train_id":"ZSSK EN 1152","service_id":"2024/05/04-2024/10/03: Mon, Thu, Sat","date":"2024-09-21T00:00:00.000Z","date_from":"","date_until":"","exception_type":2},"45":{"UID":45,"train_id":"ZSSK EN 1152","service_id":"2024/05/04-2024/10/03: Mon, Thu, Sat","date":"2024-09-23T00:00:00.000Z","date_from":"","date_until":"","exception_type":2},"46":{"UID":46,"train_id":"ZSSK EN 1153","service_id":"2024/05/03-2024/10/02: Wed, Fri, Sun","date":"2024-05-10T00:00:00.000Z","date_from":"","date_until":"","exception_type":2},"47":{"UID":47,"train_id":"ZSSK EN 1153","service_id":"2024/05/03-2024/10/02: Wed, Fri, Sun","date":"2024-05-12T00:00:00.000Z","date_from":"","date_until":"","exception_type":2},"48":{"UID":48,"train_id":"ZSSK EN 1153","service_id":"2024/05/03-2024/10/02: Wed, Fri, Sun","date":"2024-05-24T00:00:00.000Z","date_from":"","date_until":"","exception_type":2},"49":{"UID":49,"train_id":"ZSSK EN 1153","service_id":"2024/05/03-2024/10/02: Wed, Fri, Sun","date":"2024-05-26T00:00:00.000Z","date_from":"","date_until":"","exception_type":2},"50":{"UID":50,"train_id":"ZSSK EN 1153","service_id":"2024/05/03-2024/10/02: Wed, Fri, Sun","date":"2024-06-07T00:00:00.000Z","date_from":"","date_until":"","exception_type":2},"51":{"UID":51,"train_id":"ZSSK EN 1153","service_id":"2024/05/03-2024/10/02: Wed, Fri, Sun","date":"2024-06-09T00:00:00.000Z","date_from":"","date_until":"","exception_type":2},"52":{"UID":52,"train_id":"ZSSK EN 1153","service_id":"2024/05/03-2024/10/02: Wed, Fri, Sun","date":"2024-06-21T00:00:00.000Z","date_from":"","date_until":"","exception_type":2},"53":{"UID":53,"train_id":"ZSSK EN 1153","service_id":"2024/05/03-2024/10/02: Wed, Fri, Sun","date":"2024-06-23T00:00:00.000Z","date_from":"","date_until":"","exception_type":2},"54":{"UID":54,"train_id":"ZSSK EN 1153","service_id":"2024/05/03-2024/10/02: Wed, Fri, Sun","date":"2024-09-20T00:00:00.000Z","date_from":"","date_until":"","exception_type":2},"55":{"UID":55,"train_id":"ZSSK EN 1153","service_id":"2024/05/03-2024/10/02: Wed, Fri, Sun","date":"2024-09-22T00:00:00.000Z","date_from":"","date_until":"","exception_type":2},"56":{"UID":56,"train_id":"PKP/ČD EN 40416","service_id":"2026: Daily","date":"","date_from":"2026-02-02T00:00:00.000Z","date_until":"2026-02-06T00:00:00.000Z","exception_type":2},"57":{"UID":57,"train_id":"PKP/ČD EN 40417","service_id":"2026: Daily","date":"","date_from":"2026-02-02T00:00:00.000Z","date_until":"2026-02-06T00:00:00.000Z","exception_type":2},"58":{"UID":58,"train_id":"PKP/ČD EN 406","service_id":"2026: Daily","date":"","date_from":"2026-02-02T00:00:00.000Z","date_until":"2026-02-06T00:00:00.000Z","exception_type":2},"59":{"UID":59,"train_id":"PKP/ČD EN 407","service_id":"2026: Daily","date":"","date_from":"2026-02-02T00:00:00.000Z","date_until":"2026-02-06T00:00:00.000Z","exception_type":2}}