{"seat (reclinig)":{"class_id":"seat (reclinig)","class_main":"Seat"},"seat (compartment)":{"class_id":"seat (compartment)","class_main":"Seat"},"seat ":{"class_id":"seat ","class_main":"Seat"},"couchette (4-berth)":{"class_id":"couchette (4-berth)","class_main":"Couchette"},"couchette (6-berth)":{"class_id":"couchette (6-berth)","class_main":"Couchette"},"capsule (seat/bed)":{"class_id":"capsule (seat/bed)","class_main":"Capsule"},"capsule (bed)":{"class_id":"capsule (bed)","class_main":"Capsule"},"Sleeper (2-berth) with shower & WC":{"class_id":"Sleeper (2-berth) with shower & WC","class_main":"Sleeper"},"Sleeper (double) with shower & WC":{"class_id":"Sleeper (double) with shower & WC","class_main":"Sleeper"},"Sleeper (3-berth) with shower & WC":{"class_id":"Sleeper (3-berth) with shower & WC","class_main":"Sleeper"},"Sleeper (2-berth)":{"class_id":"Sleeper (2-berth)","class_main":"Sleeper"},"Sleeper (3-berth)":{"class_id":"Sleeper (3-berth)","class_main":"Sleeper"}}