{"1":{"route_id":1,"night_train":"ÖBB NJ 40425 + NJ 40468","route_long_name":"","itinerary":"Bruxelles / Brussel – Wien","itinerary_long":"NJ 40425: Bruxelles Midi / Brussel Zuid - Bruxelles Noord / Brussel Nord - Liège-Guillemins - Aachen Hbf - Köln Hbf - Bonn-Beuel - Koblenz Hbf - Mainz Hbf - München Ost - Rosenheim - Salzburg Hbf - Linz Hbf - St. Pölten Hbf - Wien Meidling - Wien Hbf<br><br>NJ 40468: Wien Hbf - Wien Meidling - St. Pölten Hbf - Linz Hbf - Salzburg Hbf - Rosenheim - München Ost - Koblenz Hbf - Bonn Hbf - Köln Ehrenfeld - Aachen Hbf - Liège Guillemins / Luik Guillemins - Bruxelles Noord / Brussel Nord - Bruxelles Midi / Brussel Zuid","countries":"BE, DE, AT","operators":"ÖBB","source":"https://www.nightjet.com/"},"2":{"route_id":2,"night_train":"ÖBB NJ 408 + NJ 409","route_long_name":"","itinerary":"Berlin – Zürich","itinerary_long":"NJ 408: Berlin Hbf - Berlin Südkreuz - Lutherstadt Wittenberg Hbf - Bitterfeld - Leipzig Hbf - Frankfurt (Main) Süd - Mannheim Hbf - Karlsruhe Hbf - Baden-Baden - Offenburg - Freiburg (Breisgau) Hbf - Basel Bad Bf - Basel SBB - Zürich HB<br><br>NJ 409: Zürich HB - Basel SBB - Basel Bad Bf - Freiburg (Breisgau) Hbf - Offenburg - Karlsruhe Hbf - Mannheim Hbf - Frankfurt (Main) Süd - Leipzig Hbf - Halle (Saale) Hbf - Bitterfeld - Lutherstadt Wittenberg Hbf - Berlin Südkreuz - Berlin Hbf","countries":"DE, CH","operators":"ÖBB","source":"https://www.nightjet.com/"},"3":{"route_id":3,"night_train":"HŽPP 1820 + 1821","route_long_name":"","itinerary":"Split – Zagreb","itinerary_long":"1820: Split - Knin - Karlovac - Zagreb Gl. K.<br><br>1821: Zagreb Gl. K. - Karlovac - Knin - Split","countries":"HR","operators":"HŽPP","source":"https://www.hzpp.hr/en/#"},"4":{"route_id":4,"night_train":"ČD EN 40476 + EN 40457","route_long_name":"Metropol","itinerary":" – Berlin","itinerary_long":"EN 40476: Budapest-Nyugati - Vac - Štúrovo - Nové Zámky - Bratislava hl.st. - Kúty - Břeclav - Brno hl.n. - Pardubice hl.n. - Praha hl.n. - Praha-Holešovice - Ústí nad Labem hl.n. - Děčín hl.n. - Bad Schandau - Dresden Hbf - Dresden Neustadt - Berlin Südkreuz - Berlin Hbf<br><br>EN 40457: Praha hl.n. - Pardubice hl.n. - Brno hl.n. - Břeclav - Bratislava hl.st. - Nové Zámky - Vac - Budapest Nyugati","countries":"HU, CZ","operators":"ČD","source":"https://www.cd.cz/en/spojeni-a-jizdenka/"},"5":{"route_id":5,"night_train":"ÖBB NJ 470 + NJ 471","route_long_name":"","itinerary":"Zürich – Hamburg","itinerary_long":"NJ 470: Zürich HB - Basel SBB - Basel Bad Bf - Freiburg (Breisgau) Hbf - Offenburg - Baden-Baden - Karlsruhe Hbf - Göttingen - Hannover Hbf - Verden (Aller) - Bremen Hbf - Hamburg Harburg - Hamburg Hbf - Hamburg Dammtor - Hamburg Altona<br><br>NJ 471: Hamburg Altona - Hamburg Hbf - Bremen Hbf - Hannover Hbf - Göttingen - Karlsruhe Hbf - Offenburg - Freiburg (Breisgau) Hbf - Basel Bad Bf - Basel SBB - Zürich HB","countries":"DE, CH","operators":"ÖBB","source":"https://www.nightjet.com/"},"6":{"route_id":6,"night_train":"ZSSK EN 442 + EN 443","route_long_name":"Slovakia","itinerary":"Humenné – Praha","itinerary_long":"EN 442: Humenné - Strážske - Michalovce - Bánovce nad Ondavou - Trebišov - Košice - Kysak - Margecany - Spišská Nová Ves - Poprad Tatry - Liptovský Mikuláš - Ružomberok - Ružomberok - Olomouc hl.n. - Česká Třebová - Pardubice hl.n. - Praha hl.n.<br><br>EN 443: Praha hl.n. - Kolín - Pardubice hl.n. - Česká Třebová - Olomouc hl.n. - Kraľovany - Ružomberok - Liptovský Mikuláš - Štrba - Poprad Tatry - Spišská Nová Ves - Margecany - Kysak - Kysak - Trebišov - Bánovce nad Ondavou - Michalovce - Strážske - Humenné","countries":"SK, CZ","operators":"ZSSK","source":"https://www.zssk.sk/en/night-trains/"},"7":{"route_id":7,"night_train":"RJ 1020 + 1021","route_long_name":"","itinerary":"Chop – Praha","itinerary_long":"1020: Chop - Košice - Poprad Tatry - Pardubice hl.n. - Praha hl.n.<br><br>1021: Praha hl.n. - Pardubice hl.n. - Ostrava hl.n. - Poprad Tatry - Košice - Chop","countries":"SK, CZ","operators":"RJ","source":"https://regiojet.de/"},"9":{"route_id":9,"night_train":"PKP/ČD EN 443 / IC 406 + IC 407 / EN 442","route_long_name":"Chopin","itinerary":"#N/A","itinerary_long":"EN 443 / IC 406:  - non-stop - <br><br>IC 407 / EN 442:  - non-stop - ","countries":"CZ, PL","operators":"PKP, ČD","source":"https://www.intercity.pl/en/"},"10":{"route_id":10,"night_train":"PKP TLK 35172 + TLK 53172","route_long_name":"Rozewie","itinerary":"Kraków – Gdynia","itinerary_long":"TLK 35172: Kraków Gł. - Trzebinia - Katowice - Gliwice - Opole Gł. - Wrocław Gł. - Gdańsk Gł. - Gdynia Gł.<br><br>TLK 53172: Gdynia Gł. - Gdańsk Gł. - Bydgoszcz Gł. - Wrocław Gł. - Opole Gł. - Gliwice - Katowice - Trzebinia - Kraków Gł.","countries":"PL","operators":"PKP","source":"https://www.intercity.pl/en/"},"11":{"route_id":11,"night_train":"CFR 1837 + 1838","route_long_name":"","itinerary":"Iași – Cluj-Napoca","itinerary_long":"1837: Iași - Suceava - Câmpulung Moldovenesc - Cluj-Napoca<br><br>1838: Cluj-Napoca - Dej - Beclean pe Somes - Vatra Dornei - Iași","countries":"RO","operators":"CFR","source":"https://www.cfrcalatori.ro/"},"12":{"route_id":12,"night_train":"CFR IC 472 + IC 473","route_long_name":"Ister","itinerary":"București – Budapest","itinerary_long":"IC 472: București Nord - Ploiești Vest - Brașov - Sibiu - Arad - Curtici - Szolnok - Budapest Keleti<br><br>IC 473: Budapest-Keleti - Szolnok - Mezőtúr - Gyoma - Csárdaszállás - Mezőberény - Murony - Békéscsaba - Kétegyháza - Lőkösháza - Curtici - Arad - Sebeș Alba - Sibiu - Făgăraș - Codlea - Brașov - Predeal - Azuga - Bușteni - Sinaia - Câmpina - Ploiești Vest - București Nord","countries":"HU, RO","operators":"CFR","source":"https://bileteinternationale.cfrcalatori.ro/en/"},"13":{"route_id":13,"night_train":"CFR 1952 + 1954","route_long_name":"","itinerary":"Suceava – Constanța","itinerary_long":"1952: Suceava Nord - Suceava - Bacău - Buzău - Constanța<br><br>1954: Constanța - Fetești - Buzău - Bacău - Suceava - Suceava Nord","countries":"RO","operators":"CFR","source":"https://www.cfrcalatori.ro/"},"14":{"route_id":14,"night_train":"CFR 78/1743 + 1744/79","route_long_name":"","itinerary":"București – Oradea","itinerary_long":"78/1743: București Nord - Craiova - Timişoara Nord - Arad - Oradea<br><br>1744/79: Oradea - Arad - Timişoara Nord - Craiova - București Nord","countries":"RO","operators":"CFR","source":"https://www.cfrcalatori.ro/"},"15":{"route_id":15,"night_train":"CFR 1763 + 1765","route_long_name":"","itinerary":"Iași – Timişoara","itinerary_long":"1763: Iași - Suceava - Câmpulung Moldovenesc - Vatra Dornei - Beclean pe Somes - Dej - Cluj-Napoca - Deva - Arad - Timişoara Nord<br><br>1765: Timişoara Nord - Arad - Deva - Alba Iulia - Cluj-Napoca - Dej - Beclean pe Somes - Câmpulung Moldovenesc - Suceava - Iași","countries":"RO","operators":"CFR","source":"https://www.cfrcalatori.ro/"},"17":{"route_id":17,"night_train":"ÖBB NJ 490 + NJ 491","route_long_name":"","itinerary":"Wien – Hamburg","itinerary_long":"NJ 490: Wien Hbf - Wien Meidling - St. Pölten Hbf - Linz Hbf - Wels Hbf - Passau Hbf - Regensburg Hbf - Nürnberg Hbf - Würzburg Hbf - Kassel-Wilhelmshöhe - Göttingen - Hannover Hbf - Hamburg Harburg - Hamburg Hbf - Hamburg Dammtor - Hamburg Altona<br><br>NJ 491: Hamburg Altona - Hamburg Hbf - Hamburg Harburg - Hannover Hbf - Göttingen - Kassel-Wilhelmshöhe - Würzburg Hbf - Nürnberg Hbf - Regensburg Hbf - Passau Hbf - Wels Hbf - Linz Hbf - St. Pölten Hbf - Wien Meidling - Wien Hbf","countries":"DE, AT","operators":"ÖBB","source":"https://www.nightjet.com/"},"18":{"route_id":18,"night_train":"ÖBB NJ 40420 + NJ 40491","route_long_name":"","itinerary":"Innsbruck – Hamburg","itinerary_long":"NJ 40420: Innsbruck Hbf - Jenbach - Wörgl Hbf - Kufstein - Rosenheim - München Hbf - Augsburg Hbf - Nürnberg Hbf - Kassel-Wilhelmshöhe - Göttingen - Hannover Hbf - Hamburg Harburg - Hamburg Hbf - Hamburg Altona<br><br>NJ 40491: Hamburg Altona - Hamburg Hbf - Hamburg Harburg - Hannover Hbf - Göttingen - Kassel-Wilhelmshöhe - Würzburg Hbf - Nürnberg Hbf - Augsburg Hbf - München Hbf - Rosenheim - Kufstein - Wörgl Hbf - Jenbach - Innsbruck Hbf","countries":"DE, AT","operators":"ÖBB","source":"https://www.nightjet.com/"},"19":{"route_id":19,"night_train":"CFR 1653 + 1654","route_long_name":"","itinerary":"București – Vatra Dornei","itinerary_long":"1653: București Nord - Ploiești Sud - Suceava - Câmpulung Moldovenesc - Vatra Dornei - Vatra Dornei Băi<br><br>1654: Vatra Dornei Băi - Vatra Dornei - Câmpulung Moldovenesc - Suceava - Ploiești Sud - București Nord","countries":"RO","operators":"CFR","source":"https://www.cfrcalatori.ro/"},"20":{"route_id":20,"night_train":"CFR 1641 (SM) + 1642 (SM)","route_long_name":"","itinerary":"București – Satu Mare","itinerary_long":"1641 (SM): București Nord - Ploiești Vest - Câmpina - Brașov - Miercurea Ciuc - Beclean pe Somes - Baia Mare - Satu Mare<br><br>1642 (SM): Satu Mare - Baia Mare - Beclean pe Somes - Miercurea Ciuc - Brașov - Câmpina - Ploiești Vest - București Nord","countries":"RO","operators":"CFR","source":"https://www.cfrcalatori.ro/en/"},"21":{"route_id":21,"night_train":"CFR 1821 + 1822","route_long_name":"","itinerary":"București – Arad","itinerary_long":"1821: București Nord - Craiova - Petroșani - Deva - Arad<br><br>1822: Arad - Deva - Petroșani - Craiova - București Nord","countries":"RO","operators":"CFR","source":"https://www.cfrcalatori.ro/"},"22":{"route_id":22,"night_train":"CFM/CFR 401 + 402","route_long_name":"Prietenia","itinerary":"Chişinău – București","itinerary_long":"401: Chişinău - Ungheni - Ungheni Prut - Nicolina - Iași - Târgu Frumos - Roman - Buzău - Mizil - Ploiești Sud - București Nord<br><br>402: București Nord - Ploiești Sud - Mizil - Buzău - Râmnicu Sărat - Focșani - Mărășești - Adjud - Bacău - Roman - Târgu Frumos - Ungheni - Chişinău","countries":"RO, MD","operators":"CFM, CFR","source":"https://bileteinternationale.cfrcalatori.ro/en/"},"23":{"route_id":23,"night_train":"CFR 1667 + 1668","route_long_name":"","itinerary":"București – Iași","itinerary_long":"1667: București Nord - Ploiești Sud - Buzău - Iași<br><br>1668: Iași - Vaslui - Bârlad - București Nord","countries":"RO","operators":"CFR","source":"https://www.cfrcalatori.ro/"},"24":{"route_id":24,"night_train":"ATC IR 11501 + IR 11500","route_long_name":"","itinerary":"București – Arad","itinerary_long":"IR 11501: București Nord - Videle - Roșiori Nord - Caracal - Craiova - Caransebeș - Lugoj - Timişoara Nord - Arad<br><br>IR 11500: Arad - Timişoara Nord - Lugoj - Caransebeș - Craiova - Caracal - Roșiori Nord - Videle - București Nord","countries":"RO","operators":"ATC","source":"https://www.astratranscarpatic.ro/"},"25":{"route_id":25,"night_train":"CFR 1941 + 1942/R 8810","route_long_name":"","itinerary":"Satu Mare – Mangalia","itinerary_long":"1941: Satu Mare - Baia Mare - Dej - Beclean pe Somes - Deda - Gheorgheni - Miercurea Ciuc - Brașov - Constanța - Mangalia<br><br>1942/R 8810: Mangalia - Constanța - Bucuresti Baneasa - Ploiești Vest - Brașov - Miercurea Ciuc - Gheorgheni - Dej - Baia Mare - Satu Mare","countries":"RO","operators":"CFR","source":"https://www.cfrcalatori.ro/"},"26":{"route_id":26,"night_train":"CFR 1920 + 1922","route_long_name":"","itinerary":"Constanța – Oradea","itinerary_long":"1920: Constanța - București Nord - Craiova - Petroșani - Deva - Arad - Oradea<br><br>1922: Oradea - Arad - Deva - Petroșani - Craiova - București Nord - Constanța","countries":"RO","operators":"CFR","source":"https://www.cfrcalatori.ro/"},"27":{"route_id":27,"night_train":"TCDD/BDŽ 12503/492 + 493/12504","route_long_name":"Balkan Express","itinerary":"İstanbul – Sofia","itinerary_long":"12503/492: İstanbul Halkalı - Edirne - Kapıkule - Svilengrad - Dimitrovgrad - Plovdiv - Sofia<br><br>493/12504: Sofia - Plovdiv - Dimitrovgrad - Svilengrad - Kapıkule - Edirne - İstanbul Halkalı","countries":"BG, TR","operators":"TCDD, BDŽ","source":"https://www.bdz.bg/en/a/sofia-istanbul-sofia"},"28":{"route_id":28,"night_train":"TCDD/BDŽ/CFR 12503/460 + 461/12504","route_long_name":"Bosphor Express","itinerary":"İstanbul – București","itinerary_long":"12503/460: İstanbul Halkalı - Edirne - Kapıkule - Svilengrad - Dimitrovgrad - Stara Zagora - Veliko Tarnovo - Gorna Oryahovitsa - Ruse - Giurgiu Nord - București Nord<br><br>461/12504: București Nord - Giurgiu Nord - Ruse - Gorna Oryahovitsa - Veliko Tarnovo - Stara Zagora - Dimitrovgrad - Svilengrad - Kapıkule - Edirne - İstanbul Halkalı","countries":"RO, BG, TR","operators":"TCDD, BDŽ, CFR","source":"https://bileteinternationale.cfrcalatori.ro/en/booking/search"},"30":{"route_id":30,"night_train":"TCDD 22006 + 32005","route_long_name":"Izmir Mavi","itinerary":"Ankara – İzmir","itinerary_long":"22006: Ankara - Eskişehir - Balıkesir - Manisa - İzmir Çiğli - İzmir Basmane<br><br>32005: İzmir Basmane - İzmir Çiğli - Manisa - Balıkesir - Eskişehir - Ankara","countries":"TR","operators":"TCDD","source":"https://www.tcddtasimacilik.gov.tr/"},"31":{"route_id":31,"night_train":"TCDD 22001 + 12002","route_long_name":"Ankara Ekspresi","itinerary":"Ankara – İstanbul","itinerary_long":"22001: Ankara - Eskişehir - İstanbul Pendik - İstanbul Sögütlücesme - İstanbul Halkalı<br><br>12002: İstanbul Halkalı - İstanbul Sögütlücesme - İstanbul Pendik - İzmit - Ankara","countries":"TR","operators":"TCDD","source":"https://www.tcddtasimacilik.gov.tr/"},"37":{"route_id":37,"night_train":"CS 1003 (G) + 1004 (G)","route_long_name":"Lowlander","itinerary":"London – Glasgow","itinerary_long":"1003 (G): London Euston - Watford Junction - Carlisle - Motherwell - Glasgow Central<br><br>1004 (G): Glasgow Central - Motherwell - Carlisle - Watford Junction - London Euston","countries":"GB","operators":"CS","source":"https://www.sleeper.scot/"},"38":{"route_id":38,"night_train":"CS 1003 (E) + 1004 (E)","route_long_name":"Lowlander","itinerary":"London – Edinburgh","itinerary_long":"1003 (E): London Euston - Watford Junction - Carlisle - Edinburgh Waverley<br><br>1004 (E): Edinburgh Waverley - Carlisle - Watford Junction - London Euston","countries":"GB","operators":"CS","source":"https://www.sleeper.scot/"},"39":{"route_id":39,"night_train":"CS 1001 (A) + 1002 (A)","route_long_name":"Highlander","itinerary":"London – Aberdeen","itinerary_long":"1001 (A): London Euston - Birmingham International  - Crewe - Preston - Dundee - Aberdeen<br><br>1002 (A): Aberdeen - Dundee - Preston - Crewe - Birmingham International  - London Euston","countries":"GB","operators":"CS","source":"https://www.sleeper.scot/"},"40":{"route_id":40,"night_train":"CS 1001 (FW) + 1002 (FW)","route_long_name":"Highlander","itinerary":"London – Fort William","itinerary_long":"1001 (FW): London Euston - Birmingham International  - Crewe - Preston - Crianlarich - Fort William / An Gearasdan<br><br>1002 (FW): Fort William / An Gearasdan - Crianlarich - Preston - Crewe - Birmingham International  - London Euston","countries":"GB","operators":"CS","source":"https://www.sleeper.scot/"},"41":{"route_id":41,"night_train":"CS 1001 (I) + 1002 (I)","route_long_name":"Highlander","itinerary":"London – Inverness","itinerary_long":"1001 (I): London Euston - Birmingham International  - Crewe - Preston - Stirling - Perth / Peairt - Aviemore - Inverness / Inbhir Nis<br><br>1002 (I): Inverness / Inbhir Nis - Aviemore - Perth / Peairt - Stirling - Preston - Crewe - Birmingham International  - London Euston","countries":"GB","operators":"CS","source":"https://www.sleeper.scot/"},"42":{"route_id":42,"night_train":"GWR Sleeper (Penzance) + Sleeper (London)","route_long_name":"Night Riviera","itinerary":"London – Penzance","itinerary_long":"Sleeper (Penzance): London Paddington - Reading - Plymouth - Penzance<br><br>Sleeper (London): Penzance - Plymouth - Reading - London Paddington","countries":"GB","operators":"GWR","source":"https://www.gwr.com/"},"44":{"route_id":44,"night_train":"ÖBB NJ 402 + NJ 403","route_long_name":"","itinerary":"Zürich – Amsterdam","itinerary_long":"NJ 402: Zürich HB - Basel SBB - Basel Bad Bf - Freiburg (Breisgau) Hbf - Offenburg - Bonn-Beuel - Köln Hbf - Eindhoven Centraal - Utrecht Centraal - Amsterdam Centraal<br><br>NJ 403: Amsterdam Centraal - Utrecht Centraal - Eindhoven Centraal - Köln Hbf - Bonn-Beuel - Offenburg - Freiburg (Breisgau) Hbf - Basel Bad Bf - Basel SBB - Zürich HB","countries":"DE, CH, NL","operators":"ÖBB","source":"https://www.nightjet.com/"},"45":{"route_id":45,"night_train":"ÖBB NJ 420 + NJ 421","route_long_name":"","itinerary":"Innsbruck – Amsterdam","itinerary_long":"NJ 420: Innsbruck Hbf - Jenbach - Wörgl Hbf - Kufstein - Rosenheim - München Hbf - Augsburg Hbf - Nürnberg Hbf - Würzburg Hbf - Kassel-Wilhelmshöhe - Hamm (Westf) Hbf - Münster (Westf) Hbf - Deventer - Amersfoort Centraal - Amsterdam Centraal<br><br>NJ 421: Amsterdam Centraal - Amersfoort Centraal - Deventer - Hannover Hbf - Kassel-Wilhelmshöhe - Würzburg Hbf - Nürnberg Hbf - Augsburg Hbf - München Hbf - Rosenheim - Kufstein - Wörgl Hbf - Jenbach - Innsbruck Hbf","countries":"DE, AT, NL","operators":"ÖBB","source":"https://www.nightjet.com/"},"46":{"route_id":46,"night_train":"ÖBB NJ 40421 + NJ 40490","route_long_name":"","itinerary":"Amsterdam – Wien","itinerary_long":"NJ 40421: Amsterdam Centraal - Amersfoort Centraal - Deventer - Hannover Hbf - Kassel-Wilhelmshöhe - Würzburg Hbf - Nürnberg Hbf - Regensburg Hbf - Passau Hbf - Wels Hbf - Linz Hbf - St. Pölten Hbf - Wien Meidling - Wien Hbf<br><br>NJ 40490: Wien Hbf - Wien Meidling - St. Pölten Hbf - Linz Hbf - Wels Hbf - Passau Hbf - Regensburg Hbf - Nürnberg Hbf - Würzburg Hbf - Kassel-Wilhelmshöhe - Hamm (Westf) Hbf - Münster (Westf) Hbf - Deventer - Amersfoort Centraal - Amsterdam Centraal","countries":"DE, AT, NL","operators":"ÖBB","source":"https://www.nightjet.com/"},"47":{"route_id":47,"night_train":"HŽPP 1840 + 1841","route_long_name":"","itinerary":"Vukovar – Split","itinerary_long":"1840: Vukovar - Slavonski Brod - Zagreb Gl. K. - Karlovac - Knin - Split<br><br>1841: Split - Knin - Zagreb Gl. K. - Slavonski Brod - Vukovar","countries":"HR","operators":"HŽPP","source":"https://www.hzpp.hr/en/#"},"48":{"route_id":48,"night_train":"HŽPP 1880 + 1881","route_long_name":"Dalmacija","itinerary":"Osijek – Split","itinerary_long":"1880: Osijek - Zagreb Gl. K. - Knin - Split<br><br>1881: Split - Knin - Zagreb Gl. K. - Bjelovar - Osijek","countries":"HR","operators":"HŽPP","source":"https://www.hzpp.hr/en/#"},"49":{"route_id":49,"night_train":"ÖBB NJ 294 + NJ 295","route_long_name":"","itinerary":"Roma – München","itinerary_long":"NJ 294: Roma Tiburtina - Firenze Campo di Marte - Bologna Centrale - Villach Hbf - Salzburg Hbf - Rosenheim - München Hbf<br><br>NJ 295: München Hbf - Rosenheim - Salzburg Hbf - Villach Hbf - Bologna Centrale - Firenze S. M. N. - Roma Termini","countries":"DE, AT, IT","operators":"ÖBB","source":"https://www.nightjet.com/"},"50":{"route_id":50,"night_train":"ÖBB NJ 456 + NJ 457","route_long_name":"","itinerary":"Graz – Berlin","itinerary_long":"NJ 456: Graz Hbf - Bruck an der Mur - Mürzzuschlag - Wiener Neustadt Hbf - Wien Hbf - Břeclav - Brno hl.n. - Pardubice hl.n. - Praha hl.n. - Praha-Holešovice - Ústí nad Labem hl.n. - Děčín hl.n. - Bad Schandau - Dresden Hbf - Dresden Neustadt - Berlin Südkreuz - Berlin Hbf<br><br>NJ 457: Berlin Hbf - Berlin Südkreuz - Dresden Neustadt - Dresden Hbf - Bad Schandau - Děčín hl.n. - Ústí nad Labem hl.n. - Praha-Holešovice - Praha hl.n. - Pardubice hl.n. - Brno hl.n. - Břeclav - Wien Hbf - Wien Meidling - Wiener Neustadt Hbf - Mürzzuschlag - Bruck an der Mur - Graz Hbf","countries":"DE, CZ, AT","operators":"ÖBB","source":"https://www.nightjet.com/"},"51":{"route_id":51,"night_train":"ÖBB NJ 40235 + NJ 40295","route_long_name":"","itinerary":"Milano – München","itinerary_long":"NJ 40235: Milano Lambrate - Verona Porta Nuova - Villach Hbf - Salzburg Hbf - München Hbf<br><br>NJ 40295: München Hbf - Rosenheim - Salzburg Hbf - Villach Hbf - Verona Porta Nuova - Milano Lambrate","countries":"DE, AT, IT","operators":"ÖBB","source":"https://www.nightjet.com/"},"53":{"route_id":53,"night_train":"ÖBB NJ 236 + NJ 237","route_long_name":"","itinerary":"Venezia – Stuttgart","itinerary_long":"NJ 236: Venezia Santa Lucia - Udine - Villach Hbf - Salzburg Hbf - München Ost - Augsburg Hbf - Ulm Hbf - Stuttgart Hbf<br><br>NJ 237: Stuttgart Hbf - Ulm Hbf - Augsburg Hbf - München Ost - Salzburg Hbf - Villach Hbf - Udine - Venezia Santa Lucia","countries":"DE, AT, IT","operators":"ÖBB","source":"https://www.nightjet.com/"},"54":{"route_id":54,"night_train":"MÁV/ÖBB EN 50237 + EN 50462","route_long_name":"Kálman Imre","itinerary":"Budapest – Stuttgart","itinerary_long":"EN 50237: Budapest Keleti - Budapest Kelenföld - Győr - Wien Hbf - Wien Meidling - St. Pölten Hbf - Linz Hbf - Rosenheim - München Ost - Augsburg Hbf - Ulm Hbf - Stuttgart Hbf<br><br>EN 50462: Stuttgart Hbf - Ulm Hbf - Augsburg Hbf - München Ost - Salzburg Hbf - Linz Hbf - St. Pölten Hbf - Wien Meidling - Wien Hbf - Győr - Budapest Kelenföld - Budapest Keleti","countries":"DE, AT, HU","operators":"MÁV, ÖBB","source":"https://jegy.mav.hu/"},"57":{"route_id":57,"night_train":"HŽPP/ÖBB EN 414 + EN 40237","route_long_name":"","itinerary":"Zagreb – Stuttgart","itinerary_long":"EN 414: Zagreb Gl. K. - Ljubljana - Villach Hbf - Rosenheim - München Ost - Augsburg Hbf - Ulm Hbf - Stuttgart Hbf<br><br>EN 40237: Stuttgart Hbf - Ulm Hbf - Augsburg Hbf - München Ost - Rosenheim - Villach Hbf - Ljubljana - Zagreb Gl. K.","countries":"DE, AT, SI, HR","operators":"HŽPP, ÖBB","source":"https://shop.oebbtickets.at"},"58":{"route_id":58,"night_train":"MÁV EN 40457 + EN 40476","route_long_name":"","itinerary":"Berlin – Budapest","itinerary_long":"EN 40457: Berlin Hbf - Berlin Südkreuz - Dresden Neustadt - Dresden Hbf - Ústí nad Labem hl.n. - Praha-Holešovice - Bratislava hl.st. - Vac - Budapest Nyugati<br><br>EN 40476: Budapest Nyugati - Vac - Bratislava hl.st. - Brno hl.n. - Dresden Hbf - Dresden Neustadt - Berlin Südkreuz - Berlin Hbf","countries":"DE, CZ, SK, HU","operators":"MÁV","source":"https://jegy.mav.hu/"},"59":{"route_id":59,"night_train":"CFR/MÁV/ÖBB D 346 + D 347","route_long_name":"Dacia","itinerary":"București – Wien","itinerary_long":"D 346: București Nord - Ploiești Vest - Brașov - Sighișoara - Oradea - Budapest Keleti - Budapest Ferencváros - Budapest Kelenföld - Győr - Wien Hbf<br><br>D 347: Wien Hbf - Győr - Budapest Kelenföld - Budapest Keleti - Arad - Alba Iulia - Sighișoara - Brașov - Ploiești Vest - București Nord","countries":"AT, HU, RO","operators":"CFR, MÁV, ÖBB","source":"https://bileteinternationale.cfrcalatori.ro/en/"},"60":{"route_id":60,"night_train":"UZ/ÖBB 40149 + 40749","route_long_name":"","itinerary":"Wien – Kyiv","itinerary_long":"40149: Wien Hbf - Hegyeshalom - Győr - Budapest Kelenföld - Budapest Keleti - Szolnok - Debrecen - Nyíregyháza - Chop - Mukacheve - Stryj - Lviv - Kyiv Pasazhyrskyi<br><br>40749: Kyiv Pasazhyrskyi - Lviv - Stryj - Mukacheve - Chop - Nyíregyháza - Debrecen - Szolnok - Budapest Keleti - Budapest Kelenföld - Győr - Hegyeshalom - Wien Hbf","countries":"AT, HU, UA","operators":"UZ, ÖBB","source":"https://booking.uz.gov.ua/en/"},"61":{"route_id":61,"night_train":"CFR/MÁV IRN / IC 78 + IRN / IC 79","route_long_name":"Muntenia","itinerary":"București – Budapest","itinerary_long":"IRN / IC 78: București Nord - Craiova - Timişoara Nord - Arad - Curtici - Lőkösháza - Szolnok - Budapest Keleti<br><br>IRN / IC 79: Budapest Keleti - Szolnok - Lőkösháza - Curtici - Arad - Timişoara Nord - Craiova - București Nord","countries":"HU, RO","operators":"CFR, MÁV","source":"https://bileteinternationale.cfrcalatori.ro/en/"},"62":{"route_id":62,"night_train":"SJ 1 + 2","route_long_name":"","itinerary":"Stockholm – Malmö","itinerary_long":"1: Stockholm C - Norrköping C - Hässleholm C - Lund C - Malmö C<br><br>2: Malmö C - Lund C - Helsingborg C - Hässleholm C - Stockholm C","countries":"SE","operators":"SJ","source":"https://www.sj.se/en/"},"63":{"route_id":63,"night_train":"SJ 70 (D) + 71 (S)","route_long_name":"","itinerary":"Stockholm – Duved","itinerary_long":"70 (D): Stockholm C - Arlanda - Uppsala C - Gävle C - Östersund C - Åre - Duved<br><br>71 (S): Duved - Åre - Östersund C - Sundsvall C - Arlanda - Stockholm C","countries":"SE","operators":"SJ","source":"https://www.sj.se/en/"},"65":{"route_id":65,"night_train":"GA F5 725 + F5 726","route_long_name":"F5","itinerary":"Oslo – Stavanger","itinerary_long":"F5 725: Oslo S - Drammen - Kongsberg - Sandnes - Stavanger<br><br>F5 726: Stavanger - Sandnes - Kongsberg - Drammen - Oslo S","countries":"NO","operators":"GA","source":"https://go-aheadnordic.no/planner"},"66":{"route_id":66,"night_train":"SJ Nattåg 93 (N) + Nattåg 94 (N)","route_long_name":"Arctic Circle","itinerary":"Narvik – Stockholm","itinerary_long":"Nattåg 93 (N): Narvik - Kiruna / Giron - Gällivare C - Boden C - Umeå C - Sundsvall C - Gävle C - Uppsala C - Arlanda - Stockholm C<br><br>Nattåg 94 (N): Stockholm C - Arlanda - Uppsala C - Gävle C - Sundsvall C - Härnösand - Örnsköldsvik C - Boden C - Gällivare C - Kiruna / Giron - Narvik","countries":"SE, NO","operators":"SJ","source":"https://www.vy.se/"},"67":{"route_id":67,"night_train":"CFR/MÁV IC 406 + IC 407","route_long_name":"Corona","itinerary":"Brașov – Budapest","itinerary_long":"IC 406: Brașov - Miercurea Ciuc - Gheorgheni - Deda - Beclean pe Somes - Debrecen - Szolnok - Budapest Keleti<br><br>IC 407: Budapest Keleti - Szolnok - Debrecen - Carei - Deda - Gheorgheni - Miercurea Ciuc - Brașov","countries":"HU, RO","operators":"CFR, MÁV","source":"https://jegy.mav.hu/"},"68":{"route_id":68,"night_train":"SJ Nattåg 93 (L) + Nattåg 94 (L)","route_long_name":"","itinerary":"Luleå – Stockholm","itinerary_long":"Nattåg 93 (L): Luleå C - Boden C - Umeå C - Örnsköldsvik C - Sundsvall C - Gävle C - Uppsala C - Arlanda - Stockholm C<br><br>Nattåg 94 (L): Stockholm C - Arlanda - Uppsala C - Gävle C - Sundsvall C - Härnösand - Örnsköldsvik C - Boden C - Luleå C","countries":"SE","operators":"SJ","source":"https://www.vy.se/"},"69":{"route_id":69,"night_train":"VY 605 + 606","route_long_name":"F4","itinerary":"Oslo – Bergen","itinerary_long":"605: Oslo S - Drammen - Bergen<br><br>606: Bergen - Drammen - Oslo S","countries":"NO","operators":"VY","source":"https://www.vy.se/"},"70":{"route_id":70,"night_train":"SJN 405 + 406","route_long_name":"F6","itinerary":"Oslo – Trondheim","itinerary_long":"405: Oslo S - Hamar - Lillehammer - Trondheim<br><br>406: Trondheim - Lillehammer - Hamar - Oslo S","countries":"NO","operators":"SJN","source":"https://www.sj.no/"},"71":{"route_id":71,"night_train":"SJN 475 + 476","route_long_name":"F7","itinerary":"Trondheim – Bodø","itinerary_long":"475: Trondheim - Levanger - Steinkjer - Mo i Rana - Bodø<br><br>476: Bodø - Mo i Rana - Steinkjer - Levanger - Trondheim","countries":"NO","operators":"SJN","source":"https://www.sj.no/"},"72":{"route_id":72,"night_train":"VR IC 265 + IC 274","route_long_name":"","itinerary":"Helsinki – Kemijärvi","itinerary_long":"IC 265: Helsinki / Helsingfors - Tampere - Oulu - Rovaniemi - Kemijärvi<br><br>IC 274: Kemijärvi - Rovaniemi - Oulu - Tampere - Helsinki / Helsingfors","countries":"FI","operators":"VR","source":"https://www.vr.fi/en/"},"73":{"route_id":73,"night_train":"ST 304 + 305","route_long_name":"","itinerary":"Innsbruck – Malmö","itinerary_long":"304: Innsbruck Hbf - Jenbach - Wörgl Hbf - Kitzbühel - Salzburg Hbf - München Ost - Hamburg Hbf - Kolding - Odense - Høje Taastrup - Malmö C<br><br>305: Malmö C - Høje Taastrup - Odense - Kolding - Hamburg Hbf - München Ost - Salzburg Hbf - Kitzbühel - Wörgl Hbf - Jenbach - Innsbruck Hbf","countries":"SE, DK, DE, AT","operators":"ST","source":"https://www.snalltaget.se/en"},"74":{"route_id":74,"night_train":"MÁV/ÖBB EN 40462 + EN 40467","route_long_name":"Kálmán Imre","itinerary":"Budapest – Zürich","itinerary_long":"EN 40462: Budapest Keleti - Budapest Kelenföld - Győr - Wien Hbf - Wien Meidling - St. Pölten Hbf - Linz Hbf - Bludenz - Feldkirch - Buchs (SG) - Zürich HB<br><br>EN 40467: Zürich HB - Buchs (SG) - Feldkirch - Bludenz - Linz Hbf - St. Pölten Hbf - Wien Meidling - Wien Hbf - Győr - Budapest Kelenföld - Budapest Keleti","countries":"AT, CH, HU","operators":"MÁV, ÖBB","source":"https://jegy.mav.hu/"},"76":{"route_id":76,"night_train":"FS IC Notte 758 + IC Notte 765","route_long_name":"","itinerary":"Lecce – Milano","itinerary_long":"IC Notte 758: Lecce - Brindisi - Taranto - Bari Centrale - Foggia - Bologna Centrale - Milano Centrale<br><br>IC Notte 765: Milano Centrale - Bologna Centrale - Foggia - Bari Centrale","countries":"IT","operators":"FS","source":"https://www.trenitalia.com/en.html"},"77":{"route_id":77,"night_train":"ST 300 + 301","route_long_name":"Berlinaren","itinerary":"Stockholm – Berlin","itinerary_long":"300: Stockholm C - Norrköping C - Linköping C - Nässjö C - Alvesta - Hässleholm C - Lund C - Malmö C - København Ørestad - Hamburg Hbf - Berlin Hbf<br><br>301: Berlin Hbf - Hamburg Hbf - København Ørestad - Malmö C - Lund C - Hässleholm C - Alvesta - Nässjö C - Linköping C - Norrköping C - Stockholm C","countries":"DE, DK, SE","operators":"ST","source":"https://www.snalltaget.se/en"},"78":{"route_id":78,"night_train":"SJ EN 345 + EN 346","route_long_name":"","itinerary":"Stockholm – Berlin","itinerary_long":"EN 345: Stockholm C - Norrköping C - Linköping C - Nässjö C - Alvesta - Hässleholm C - Lund C - Malmö C - Kastrup Lufthavn - Padborg - Hamburg Hbf - Berlin Hbf<br><br>EN 346: Berlin Hbf - Hamburg Hbf - Padborg - Kastrup Lufthavn - Malmö C - Lund C - Hässleholm C - Alvesta - Nässjö C - Linköping C - Norrköping C - Stockholm C","countries":"DE, DK, SE","operators":"SJ","source":"https://www.sj.se/en/"},"79":{"route_id":79,"night_train":"ST 3920 + 3921","route_long_name":"","itinerary":"Malmö – ","itinerary_long":"3920: Malmö C - Lund C - Hässleholm C - Alvesta - Nässjö C - Linköping C - Norrköping C - Stockholm C - Uppsala C - Östersund C - Åre - Duved - Storlien<br><br>3921: Storlien - Duved - Åre - Östersund C - Uppsala C - Stockholm C - Norrköping C - Alvesta - Hässleholm C - Lund C - Malmö C","countries":"SE","operators":"ST","source":"https://www.snalltaget.se/en"},"80":{"route_id":80,"night_train":"ST 3904 + 3905","route_long_name":"","itinerary":"Malmö – Duved","itinerary_long":"3904: Malmö C - Lund C - Hässleholm C - Alvesta - Nässjö C - Linköping C - Norrköping C - Östersund C - Åre - Duved<br><br>3905: Duved - Åre - Östersund C - Linköping C - Nässjö C - Alvesta - Hässleholm C - Lund C - Malmö C","countries":"SE","operators":"ST","source":"https://www.snalltaget.se/en"},"81":{"route_id":81,"night_train":"SJ Nattåg 91 + Nattåg 92","route_long_name":"","itinerary":"Luleå – Stockholm","itinerary_long":"Nattåg 91: Luleå C - Boden C - Umeå C - Örnsköldsvik C - Härnösand - Sundsvall C - Gävle C - Uppsala C - Arlanda - Stockholm C<br><br>Nattåg 92: Stockholm C - Arlanda - Uppsala C - Gävle C - Örnsköldsvik C - Umeå C - Boden C - Luleå C","countries":"SE","operators":"SJ","source":"https://www.vy.se/"},"83":{"route_id":83,"night_train":"FS IC Notte 797 + IC Notte 798","route_long_name":"","itinerary":"Torino – Salerno","itinerary_long":"IC Notte 797: Torino Porta Susa - Milano Porta Garibaldi - Roma Tiburtina - Baqël - Salerno<br><br>IC Notte 798: Salerno - Baqël - Roma Tiburtina - Orvieto - Milano Porta Garibaldi - Torino Porta Susa","countries":"IT","operators":"FS","source":"https://www.trenitalia.com/en.html"},"84":{"route_id":84,"night_train":"FS IC Notte 1964 + IC Notte 1967","route_long_name":"","itinerary":"Palermo – Milano","itinerary_long":"IC Notte 1964: Palermo Centrale - Termini Imerese - Barcellona Castroreale - Messina Centrale - Lamezia Terme Centrale - Salerno - Firenze S. M. N. - Bologna Centrale - Milano Centrale<br><br>IC Notte 1967: Milano Centrale - Bologna Centrale - Firenze S. M. N. - Salerno - Lamezia Terme Centrale - Messina Centrale - Barcellona Castroreale - Termini Imerese - Palermo Centrale","countries":"IT","operators":"FS","source":"https://www.trenitalia.com/en.html"},"85":{"route_id":85,"night_train":"FS IC Notte 1962 + IC Notte 1963","route_long_name":"","itinerary":"Siracusa – Milano","itinerary_long":"IC Notte 1962: Siracusa - Catania Centrale - Taormina Giardini - Messina Centrale - Lamezia Terme Centrale - Salerno - Firenze S. M. N. - Bologna Centrale - Milano Centrale<br><br>IC Notte 1963: Milano Centrale - Bologna Centrale - Firenze S. M. N. - Salerno - Lamezia Terme Centrale - Messina Centrale - Taormina Giardini - Catania Centrale - Siracusa","countries":"IT","operators":"FS","source":"https://www.trenitalia.com/en.html"},"86":{"route_id":86,"night_train":"FS IC Notte 752 + IC Notte 755","route_long_name":"","itinerary":"Lecce – Milano","itinerary_long":"IC Notte 752: Lecce - Brindisi - Bari Centrale - Foggia - Bologna Centrale - Milano Centrale<br><br>IC Notte 755: Milano Centrale - Bologna Centrale - Foggia - Bari Centrale - Brindisi - Lecce","countries":"IT","operators":"FS","source":"https://www.trenitalia.com/en.html"},"88":{"route_id":88,"night_train":"SJ 70 (U) + 77 (S)","route_long_name":"","itinerary":"Stockholm – Umeå","itinerary_long":"70 (U): Stockholm C - Arlanda - Uppsala C - Gävle C - Härnösand - Örnsköldsvik C - Umeå C<br><br>77 (S): Umeå C - Örnsköldsvik C - Härnösand - Sundsvall C - Arlanda - Stockholm C","countries":"SE","operators":"SJ","source":"https://www.sj.se/en/"},"90":{"route_id":90,"night_train":"VR IC 266 (T) + IC 933","route_long_name":"","itinerary":"Rovaniemi – Turku","itinerary_long":"IC 266 (T): Rovaniemi - Oulu - Tampere - Turku / Åbo<br><br>IC 933: Turku / Åbo - Tampere - Oulu - Rovaniemi","countries":"FI","operators":"VR","source":"https://www.vr.fi/en/"},"91":{"route_id":91,"night_train":"VR IC 266 (H) + IC 273","route_long_name":"","itinerary":"Rovaniemi – Helsinki","itinerary_long":"IC 266 (H): Rovaniemi - Oulu - Helsinki / Helsingfors<br><br>IC 273: Helsinki / Helsingfors - Oulu - Rovaniemi","countries":"FI","operators":"VR","source":"https://www.vr.fi/en/"},"96":{"route_id":96,"night_train":"FS IC Notte 788 + IC Notte 789","route_long_name":"","itinerary":"Lecce – Roma","itinerary_long":"IC Notte 788: Lecce - Brindisi - Bari Centrale - Roma Termini<br><br>IC Notte 789: Roma Termini - Bari Centrale - Brindisi - Lecce","countries":"IT","operators":"FS","source":"https://www.trenitalia.com/en.html"},"97":{"route_id":97,"night_train":"FS IC Notte 754 + IC Notte 757","route_long_name":"","itinerary":"Lecce – Torino","itinerary_long":"IC Notte 754: Lecce - Brindisi - Bari Centrale - Foggia - Bologna Centrale - Torino Lingotto<br><br>IC Notte 757: Torino Lingotto - Bologna Centrale - Foggia - Bari Centrale - Brindisi - Lecce","countries":"IT","operators":"FS","source":"https://www.trenitalia.com/en.html"},"98":{"route_id":98,"night_train":"VR P 269 + P 276","route_long_name":"","itinerary":"Helsinki – Kolari","itinerary_long":"P 269: Helsinki / Helsingfors - Tampere - Oulu - Kolari<br><br>P 276: Kolari - Oulu - Tampere - Helsinki / Helsingfors","countries":"FI","operators":"VR","source":"https://www.vr.fi/en/"},"99":{"route_id":99,"night_train":"FS IC Notte 796 + IC Notte 1515","route_long_name":"","itinerary":"Salerno – Torino","itinerary_long":"IC Notte 796: Salerno - Napoli Centrale - Roma Tiburtina - Pisa Centrale - La Spezia Centrale - Genova Piazza Principe - Torino Lingotto<br><br>IC Notte 1515: Torino Lingotto - Genova Piazza Principe - La Spezia Centrale - Pisa Centrale - Civitavecchia - Roma Ostiense - Baqël - Salerno","countries":"IT","operators":"FS","source":"https://www.trenitalia.com/en.html"},"100":{"route_id":100,"night_train":"FS IC Notte 794 + IC Notte 795","route_long_name":"","itinerary":"Reggio Calabria – Torino","itinerary_long":"IC Notte 794: Reggio Calabria Centrale - Tropea - Lamezia Terme Centrale - Roma Ostiense - Civitavecchia - Grosseto - Livorno Centrale - Pisa Centrale - La Spezia Centrale - Genova Piazza Principe - Torino Lingotto<br><br>IC Notte 795: Torino Lingotto - Genova Piazza Principe - La Spezia Centrale - Pisa Centrale - Livorno Centrale - Grosseto - Civitavecchia - Roma Ostiense - Lamezia Terme Centrale - Tropea - Reggio Calabria Centrale","countries":"IT","operators":"FS","source":"https://www.trenitalia.com/en.html"},"101":{"route_id":101,"night_train":"FS IC Notte 1954 + IC Notte 1955 (P)","route_long_name":"","itinerary":"Palermo – Roma","itinerary_long":"IC Notte 1954: Palermo Centrale - Termini Imerese - Barcellona Castroreale - Messina Centrale - Lamezia Terme Centrale - Roma Termini<br><br>IC Notte 1955 (P): Roma Termini - Baqël - Salerno - Messina Centrale - Barcellona Castroreale - Termini Imerese - Palermo Centrale","countries":"IT","operators":"FS","source":"https://www.trenitalia.com/en.html"},"102":{"route_id":102,"night_train":"FS IC Notte 1958 + IC Notte 1959 (P)","route_long_name":"","itinerary":"Palermo – Roma","itinerary_long":"IC Notte 1958: Palermo Centrale - Termini Imerese - Barcellona Castroreale - Messina Centrale - Salerno - Baqël - Roma Termini<br><br>IC Notte 1959 (P): Roma Termini - Lamezia Terme Centrale - Messina Centrale - Barcellona Castroreale - Termini Imerese - Palermo Centrale","countries":"IT","operators":"FS","source":"https://www.trenitalia.com/en.html"},"103":{"route_id":103,"night_train":"FS IC Notte 1955 (S) + IC Notte 1956","route_long_name":"","itinerary":"Roma – Siracusa","itinerary_long":"IC Notte 1955 (S): Roma Termini - Baqël - Salerno - Messina Centrale - Taormina Giardini - Catania Centrale - Siracusa<br><br>IC Notte 1956: Siracusa - Catania Centrale - Taormina Giardini - Messina Centrale - Lamezia Terme Centrale - Roma Termini","countries":"IT","operators":"FS","source":"https://www.trenitalia.com/en.html"},"104":{"route_id":104,"night_train":"FS IC Notte 1959 (S) + IC Notte 1960","route_long_name":"","itinerary":"Roma – Siracusa","itinerary_long":"IC Notte 1959 (S): Roma Termini - Lamezia Terme Centrale - Messina Centrale - Taormina Giardini - Catania Centrale - Siracusa<br><br>IC Notte 1960: Siracusa - Catania Centrale - Taormina Giardini - Messina Centrale - Salerno - Baqël - Roma Termini","countries":"IT","operators":"FS","source":"https://www.trenitalia.com/en.html"},"105":{"route_id":105,"night_train":"FS IC Notte 770 + IC Notte 774","route_long_name":"","itinerary":"Trieste – Roma","itinerary_long":"IC Notte 770: Trieste Centrale - Udine - Venezia Santa Lucia - Bologna Centrale - Roma Termini<br><br>IC Notte 774: Roma Termini - Venezia Santa Lucia - Udine - Trieste Centrale","countries":"IT","operators":"FS","source":"https://www.trenitalia.com/en.html"},"106":{"route_id":106,"night_train":"FS IC Notte 763 + IC Notte 764","route_long_name":"","itinerary":"Bolzano – Roma","itinerary_long":"IC Notte 763: Bolzano / Bozen - Verona Porta Nuova - Orvieto - Roma Termini<br><br>IC Notte 764: Roma Termini - Orvieto - Verona Porta Nuova - Bolzano / Bozen","countries":"IT","operators":"FS","source":"https://www.trenitalia.com/en.html"},"107":{"route_id":107,"night_train":"SNCF IC Nuit 5787 + IC Nuit 5792","route_long_name":"","itinerary":"Paris – Briançon","itinerary_long":"IC Nuit 5787: Paris Austerlitz - Crest - Gap - Briançon<br><br>IC Nuit 5792: Briançon - Gap - Crest - Paris Austerlitz","countries":"FR","operators":"SNCF","source":"https://www.sncf-connect.com/en-en/"},"108":{"route_id":108,"night_train":"SNCF IC Nuit 5781 + IC Nuit 5772","route_long_name":"Le Train Bleu","itinerary":"Paris – Nice","itinerary_long":"IC Nuit 5781: Paris Austerlitz - Marseille Saint-Charles - Toulon - Cannes - Nice Ville<br><br>IC Nuit 5772: Nice Ville - Cannes - Toulon - Marseille Saint-Charles - Paris Austerlitz","countries":"FR","operators":"SNCF","source":"https://www.sncf-connect.com/en-en/"},"109":{"route_id":109,"night_train":"SNCF IC Nuit 3754 (Sun) + IC Nuit 3755 (Sun)","route_long_name":"L'Occitan","itinerary":"Albi – Paris","itinerary_long":"IC Nuit 3754 (Sun): Albi Ville - Rodez - Figeac - St-Denis-lès-Martel - Paris Austerlitz<br><br>IC Nuit 3755 (Sun): Paris Austerlitz - St-Denis-lès-Martel - Figeac - Rodez - Albi Ville","countries":"FR","operators":"SNCF","source":"https://www.sncf-connect.com/en-en/"},"110":{"route_id":110,"night_train":"SNCF IC Nuit 5737 + IC Nuit 5738","route_long_name":"","itinerary":"Paris – Cerbère","itinerary_long":"IC Nuit 5737: Paris Austerlitz - Nîmes - Montpellier Saint-Roch - Béziers - Narbonne - Perpignan - Cerbère<br><br>IC Nuit 5738: Cerbère - Perpignan - Narbonne - Béziers - Montpellier Saint-Roch - Nîmes - Paris Austerlitz","countries":"FR","operators":"SNCF","source":"https://www.sncf-connect.com/en-en/"},"111":{"route_id":111,"night_train":"SNCF IC Nuit 3731 + IC Nuit 3740","route_long_name":"Le Pyrénéen","itinerary":"Tarbes – Paris","itinerary_long":"IC Nuit 3731: Tarbes - Lourdes - Pau - Bayonne - Dax - Paris Austerlitz<br><br>IC Nuit 3740: Paris Austerlitz - Dax - Bayonne - Pau - Lourdes - Tarbes","countries":"FR","operators":"SNCF","source":"https://www.sncf-connect.com/en-en/"},"112":{"route_id":112,"night_train":"SNCF IC Nuit 3970 + IC Nuit 3971","route_long_name":"Le Pyrénéen","itinerary":"Latour-de-Carol – Paris","itinerary_long":"IC Nuit 3970: Latour-de-Carol / La Tor de Querol - Pamiers - Fleury-les-Aubrais (Orléans) - Paris Austerlitz<br><br>IC Nuit 3971: Paris Austerlitz - Fleury-les-Aubrais (Orléans) - Pamiers - Latour-de-Carol / La Tor de Querol","countries":"FR","operators":"SNCF","source":"https://www.sncf-connect.com/en-en/"},"114":{"route_id":114,"night_train":"OTE 141 + 154","route_long_name":"","itinerary":"Villach – Edirne","itinerary_long":"141: Villach Hbf - non-stop - Edirne<br><br>154: Edirne - non-stop - Villach Hbf","countries":"AT, SI, HR, RS, BG, TR","operators":"OTE","source":"https://www.optimatours.de/timetable"},"115":{"route_id":115,"night_train":"ZSSK EN 1152 + EN 1153","route_long_name":"","itinerary":"Split – Bratislava","itinerary_long":"EN 1152: Split - Knin - Zagreb Gl. K. - Maribor - Graz Hbf - Bruck an der Mur - Wiener Neustadt Hbf - Wien Meidling - Wien Hbf - Wien Hbf (Autoreisezuganlage) - Bratislava Petržalka - Bratislava Nové Mesto<br><br>EN 1153: Bratislava Nové Mesto - Bratislava Petržalka - Wien Hbf - Wien Meidling - Wiener Neustadt Hbf - Bruck an der Mur - Graz Hbf - Maribor - Zagreb Gl. K. - Knin - Split","countries":"SK, AT, SI, HR","operators":"ZSSK","source":"https://www.nightjet.com/"},"116":{"route_id":116,"night_train":"PKP/ČD EN 406 + EN 407","route_long_name":"Chopin","itinerary":"München – Warszawa","itinerary_long":"EN 406: München Hbf - München Ost - Rosenheim - Salzburg Hbf - Attnang-Puchheim - Linz Hbf - St. Pölten Hbf - Wien Meidling - Wien Hbf - Břeclav - Katowice - Sosnowiec Główny - Zawiercie - Włoszczowa Północ - Warszawa Zachodnia - Warszawa Centralna - Warszawa Wschodnia<br><br>EN 407: Warszawa Wschodnia - Warszawa Centralna - Warszawa Zachodnia - Włoszczowa Północ - Zawiercie - Sosnowiec Główny - Katowice - Břeclav - Wien Hbf - Wien Meidling - St. Pölten Hbf - Linz Hbf - Attnang-Puchheim - Salzburg Hbf - Rosenheim - München Ost - München Hbf","countries":"AT, PL, CZ","operators":"PKP, ČD","source":"https://www.intercity.pl/en/"},"117":{"route_id":117,"night_train":"HŽPP/ÖBB EN 40414 + EN 40465","route_long_name":"","itinerary":"Zagreb – Zürich","itinerary_long":"EN 40414: Zagreb Gl. K. - Ljubljana - Villach Hbf - Innsbruck Hbf - St. Anton am Arlberg - Feldkirch - Buchs (SG) - Zürich HB<br><br>EN 40465: Zürich HB - Buchs (SG) - Feldkirch - Bludenz - St. Anton am Arlberg - Innsbruck Hbf - Villach Hbf - Ljubljana - Zagreb Gl. K.","countries":"AT, CH, SI, HR","operators":"HŽPP, ÖBB","source":"https://shop.oebbtickets.at"},"119":{"route_id":119,"night_train":"SNCF IC Nuit 3754 + IC Nuit 3755","route_long_name":"L'Occitan","itinerary":"Rodez – Paris","itinerary_long":"IC Nuit 3754: Rodez - Figeac - St-Denis-lès-Martel - Paris Austerlitz<br><br>IC Nuit 3755: Paris Austerlitz - St-Denis-lès-Martel - Figeac - Rodez","countries":"FR","operators":"SNCF","source":"https://www.sncf-connect.com/en-en/"},"120":{"route_id":120,"night_train":"ČD EC 458 + EN 40459","route_long_name":"Canopus","itinerary":"Praha – Zürich","itinerary_long":"EC 458: Praha hl.n. - Ústí nad Labem hl.n. - Dresden Hbf - Riesa - Freiburg (Breisgau) Hbf - Basel SBB - Zürich HB<br><br>EN 40459: Zürich HB - Basel SBB - Basel Bad Bf - Freiburg (Breisgau) Hbf - Offenburg - Karlsruhe Hbf - Mannheim Hbf - Frankfurt (Main) Süd - Leipzig Hbf - Riesa - Dresden Neustadt - Dresden Hbf - Bad Schandau - Děčín hl.n. - Ústí nad Labem hl.n. - Praha-Holešovice - Praha hl.n.","countries":"CH, DE, CZ","operators":"ČD","source":"https://www.cd.cz/en/spojeni-a-jizdenka/"},"121":{"route_id":121,"night_train":"PKP TLK 16190 + TLK 61190","route_long_name":"Karkonosze","itinerary":"Warszawa – Jelenia Góra","itinerary_long":"TLK 16190: Warszawa Wschodnia - Warszawa Centralna - Warszawa Zachodnia - Katowice - Wrocław Gł. - Jelenia Góra<br><br>TLK 61190: Jelenia Góra - Wrocław Gł. - Opole Gł. - Baqël - Warszawa Centralna","countries":"PL","operators":"PKP","source":"https://www.intercity.pl/en/"},"122":{"route_id":122,"night_train":"PKP IC 38192 + IC 83192","route_long_name":"Podhalanin ","itinerary":"Zakopane – Szczecin","itinerary_long":"IC 38192: Zakopane - Bielsko-Biała Gł. - Katowice Ligota - Gliwice - Poznań Gł. - Szczecin Gł.<br><br>IC 83192: Szczecin Gł. - Poznań Gł. - Bielsko-Biała Gł. - Zakopane","countries":"PL","operators":"PKP","source":"https://www.intercity.pl/en/"},"123":{"route_id":123,"night_train":"ZSSK R 680 + R 681","route_long_name":"Zemplín","itinerary":"Humenné – Bratislava","itinerary_long":"R 680: Humenné - Strážske - Michalovce - Bánovce nad Ondavou - Trebišov - Košice - Kysak - Margecany - Spišská Nová Ves - Poprad Tatry - Trnava - Bratislava-Vinohrady - Bratislava hl.st.<br><br>R 681: Bratislava hl.st. - Bratislava-Vinohrady - Trnava - Leopoldov - Piešťany - Nové Mesto nad Váhom - Trenčín - Trenčianska Teplá - Púchov - Košice - Trebišov - Bánovce nad Ondavou - Michalovce - Michalovce - Humenné","countries":"SK","operators":"ZSSK","source":"https://www.zssk.sk/en/night-trains/"},"124":{"route_id":124,"night_train":"PKP/ČD EC 460 + EC 461","route_long_name":"Baltic Express","itinerary":"Praha – Gdynia","itinerary_long":"EC 460: Praha hl.n. - Jarosław - Lichkov - Międzylesie - Kłodzko Miasto - Wrocław Gł. - Poznań Gł. - Gdańsk Gł. - Gdynia Gł.<br><br>EC 461: Gdynia Gł. - Gdańsk Gł. - Bydgoszcz Gł. - Wrocław Gł. - Kłodzko Miasto - Międzylesie - Lichkov - Pardubice hl.n. - Praha hl.n.","countries":"PL, CZ","operators":"PKP, ČD","source":"https://www.intercity.pl/en/"},"125":{"route_id":125,"night_train":"PKP TLK 35190 + TLK 53190","route_long_name":"Korsarz","itinerary":"Kraków – Łeba","itinerary_long":"TLK 35190: Kraków Gł. - Częstochowa - Łódź Kaliska - Toruń Gł. - Bydgoszcz Gł. - Łeba<br><br>TLK 53190: Łeba - Gdynia Gł. - Gdańsk Gł. - Tczew - Bydgoszcz Gł. - Łódź Kaliska - Częstochowa - Kraków Gł.","countries":"PL","operators":"PKP","source":"https://www.intercity.pl/en/"},"126":{"route_id":126,"night_train":"PKP IC 38172 + IC 83172","route_long_name":"Przemyślanin","itinerary":"Przemyśl – Świnoujście","itinerary_long":"IC 38172: Przemyśl Gł. - Rzeszow Gł. - Tarnow - Kraków Gł. - Katowice - Poznań Gł. - Krzyz - Szczecin Gł. - Świnoujście<br><br>IC 83172: Świnoujście - Szczecin Gł. - Krzyz - Poznań Gł. - Leszno - Wrocław Gł. - Katowice - Kraków Gł. - Tarnow - Rzeszow Gł. - Przemyśl Gł.","countries":"PL","operators":"PKP","source":"https://www.intercity.pl/en/"},"127":{"route_id":127,"night_train":"MÁV/PKP IC 407 / EN 477 + EN 476","route_long_name":"Metropol","itinerary":"Warszawa – Budapest","itinerary_long":"IC 407 / EN 477: Warszawa Wschodnia - Warszawa Centralna - Kraków Gł. - Trzebinia - Katowice - Rybnik - Bratislava hl.st. - Nové Zámky - Vac - Budapest Nyugati<br><br>EN 476: Budapest Nyugati - Vac - Nové Zámky - Bratislava hl.st. - Břeclav - Katowice - Trzebinia - Kraków Gł. - Warszawa Centralna","countries":"PL, CZ, SK, HU","operators":"MÁV, PKP","source":"https://booking.polrail.com/"},"128":{"route_id":128,"night_train":"PKP TLK 18170 + TLK 81170","route_long_name":"Uznam","itinerary":"Warszawa – Świnoujście","itinerary_long":"TLK 18170: Warszawa Centralna - Baqël - Szczecin Gł. - Świnoujście<br><br>TLK 81170: Świnoujście - Szczecin Gł. - Kostrzyn - Baqël - Warszawa Centralna","countries":"PL","operators":"PKP","source":"https://www.intercity.pl/en/"},"129":{"route_id":129,"night_train":"PKP TLK 35170 + TLK 53170","route_long_name":"Karpaty","itinerary":"Zakopane – Gdynia","itinerary_long":"TLK 35170: Zakopane - Kraków Gł. - Częstochowa - Warszawa Centralna - Ciechanow - Tczew - Gdańsk Gł. - Gdynia Gł.<br><br>TLK 53170: Gdynia Gł. - Gdańsk Gł. - Tczew - Ciechanow - Warszawa Gdanska - Kraków Gł. - Zakopane","countries":"PL","operators":"PKP","source":"https://www.intercity.pl/en/"},"130":{"route_id":130,"night_train":"ŽS/ŽPCG 433 + 1130 / 432","route_long_name":"Lovćen","itinerary":"Beograd – Bar","itinerary_long":"433: Beograd Centar - Rakovica - Lazarevac - Lajkovac - Valjevo - Kosjerić - Požega - Užice - Priboj - Kolašin - Podgorica - Golubovci - Sutomore - Sutomore - Bar<br><br>1130 / 432: Bar - Sutomore - Golubovci - Podgorica - Kolašin - Mojkovac - Bijelo Polje - Prijepolje teretna - Prijepolje - Valjevo - Lajkovac - Lazarevac - Rakovica - Rakovica - Beograd Centar","countries":"RS, ME","operators":"ŽS, ŽPCG","source":"http://www.zcg-prevoz.me/search"},"131":{"route_id":131,"night_train":"BDŽ 8656 + 8657","route_long_name":"","itinerary":"Varna – Sofia","itinerary_long":"8656: Varna - Beloslav - Sindel - Dalgopol - Komunari - Dimitrovgrad - Jabalkovo - Parvomai - Popovitsa - Cheshnegirovo - Sadov - Katunitsa - Krumovo - Plovdiv - Proslav - Todor Kableshkov - Kadievo - Stambolijski - Pazardzhik - Septemvri - Belovo - Kostenets - Ihtiman - Sofia<br><br>8657: Sofia - Poduiane - Iskar - Kazichene - Vakarel - Ihtiman - Kostenets - Belovo - Septemvri - Pazardzhik - Stambolijski - Plovdiv - Krumovo - Parvomai - Dimitrovgrad - Komunari - Dalgopol - Sindel - Beloslav - Varna","countries":"BG","operators":"BDŽ","source":"https://razpisanie.bdz.bg/en"},"132":{"route_id":132,"night_train":"BDŽ 3636 + 3637","route_long_name":"","itinerary":"Varna – Sofia","itinerary_long":"3636: Varna - Poveljanovo - Dalgopol - Sliven - Pirdop - Sofia<br><br>3637: Sofia - Poduiane - Iskar - Kazichene - Zlatica - Pirdop - Klisura - Karlovo - Straldzha - Karnobat - Asparuhovo - Komunari - Dalgopol - Sindel - Poveljanovo - Beloslav - Varna","countries":"BG","operators":"BDŽ","source":"https://razpisanie.bdz.bg/en"},"133":{"route_id":133,"night_train":"BDŽ 2626 + 2627","route_long_name":"","itinerary":"Varna – Sofia","itinerary_long":"2626: Varna - Beloslav - Poveljanovo - Sindel - Dobrina - Provadiya - Kaspichan - Shumen - Targovishte - Popovo - Strazhitsa - Gorna Oryahovitsa - Zverino - Lakatnik - Svoge - Kurilo - Sofia Sever - Sofia<br><br>2627: Sofia - Sofia Sever - Rebrovo - Svoge - Cerovo - Bov - Lakatnik - Zverino - Mezdra - Roman - Cherven Bryag - Telish - Targovishte - Shumen - Kaspichan - Provadiya - Dobrina - Sindel - Poveljanovo - Beloslav - Varna","countries":"BG","operators":"BDŽ","source":"https://razpisanie.bdz.bg/en"},"134":{"route_id":134,"night_train":"BDŽ 8626 + 8627","route_long_name":"","itinerary":"Burgas – Sofia","itinerary_long":"8626: Burgas - Vladimir Pavlov - Aytos - Karnobat - Straldzha - Zimnitsa - Jambol - Nova Zagora - Stara Zagora - Dimitrovgrad Sever - Dimitrovgrad - Elin Pelin - Kazichene - Iskar - Poduiane - Sofia<br><br>8627: Sofia - Poduiane - Iskar - Kazichene - Elin Pelin - Ihtiman - Kostenets - Belovo - Septemvri - Pazardzhik - Stambolijski - Plovdiv - Bezmer - Jambol - Zimnitsa - Karnobat - Aytos - Druzhba - Vladimir Pavlov - Burgas","countries":"BG","operators":"BDŽ","source":"https://razpisanie.bdz.bg/en"},"135":{"route_id":135,"night_train":"BDŽ 9646 + 9647","route_long_name":"","itinerary":"Silistra – Sofia","itinerary_long":"9646: Silistra - Alfatar - Dulovo - Todorovo - Isperih - Samuil - Razgrad - Senovo - Vetovo - Yastrebovo - Ruse Razpredelitel - Ruse - Ivanovo - Dve Mogili - Borovo - Byala - Polski Trambesh - Petko Karavelovo - Gorna Oryahovitsa - Zverino - Lakatnik - Svoge - Kurilo - Sofia<br><br>9647: Sofia - Sofia Sever - Kumarica - Kurilo - Romcha - Vlado Trickov - Lukovo - Rebrovo - Tompsan - Svoge - Gelen - Cerovo - Bov - Lakatnik - Zverino - Mezdra - Roman - Cherven Bryag - Telish - Dolni Dabnik - Pleven - Levski - Pavlikeni - Silistra","countries":"BG","operators":"BDŽ","source":"https://razpisanie.bdz.bg/en"},"136":{"route_id":136,"night_train":"PKP TLK 404 + TLK 405","route_long_name":"Pirat","itinerary":"Kołobrzeg – Zebrzydowice","itinerary_long":"TLK 404: Kołobrzeg - Poznań Gł. - Oświęcim - Zebrzydowice<br><br>TLK 405: Zebrzydowice - Oświęcim - Gliwice - Kołobrzeg","countries":"PL","operators":"PKP","source":"https://www.intercity.pl/en/"},"137":{"route_id":137,"night_train":"PKP TLK 46174/38174 + TLK 83174/64174","route_long_name":"Wolin","itinerary":"Bielsko-Biała – Świnoujście","itinerary_long":"TLK 46174/38174: Bielsko-Biała Gł. - Rybnik - Opole Gł. - Kostrzyn - Szczecin Gł. - Świnoujście<br><br>TLK 83174/64174: Świnoujście - Szczecin Gł. - Kostrzyn - Zielona Góra Gł. - Rybnik - Bielsko-Biała Gł.","countries":"PL","operators":"PKP","source":"https://www.intercity.pl/en/"},"138":{"route_id":138,"night_train":"PKP TLK 38170 + TLK 83170","route_long_name":"Ustronie","itinerary":"Kraków – Kołobrzeg","itinerary_long":"TLK 38170: Kraków Gł. - Kielce - Radom - Gdańsk Gł. - Gdynia Gł. - Słupsk - Koszalin - Kołobrzeg<br><br>TLK 83170: Kołobrzeg - Koszalin - Słupsk - Gdynia Gł. - Gdańsk Gł. - Warszawa Wschodnia - Radom - Kielce - Kraków Gł.","countries":"PL","operators":"PKP","source":"https://www.intercity.pl/en/"},"139":{"route_id":139,"night_train":"BDŽ 3686 + 3687","route_long_name":"","itinerary":"Burgas – Sofia","itinerary_long":"3686: Burgas - Sliven - Sofia<br><br>3687: Sofia - Pirdop - Sliven - Burgas","countries":"BG","operators":"BDŽ","source":"https://razpisanie.bdz.bg/en"},"140":{"route_id":140,"night_train":"UZ 051 + 052 K","route_long_name":"","itinerary":"Kyiv – Przemyśl","itinerary_long":"051: Kyiv Pasazhyrskyi - Lviv - Przemyśl Gł.<br><br>052 K: Przemyśl Gł. - Lviv - Kyiv Pasazhyrskyi","countries":"PL, UA","operators":"UZ","source":"https://booking.uz.gov.ua/en/"},"141":{"route_id":141,"night_train":"UZ 073 + 074","route_long_name":"","itinerary":"Kharkiv – Przemyśl","itinerary_long":"073: Kharkiv - Poltava - Myrhorod - Kyiv Pasazhyrskyi - Fastiv - Vinnytsia - Ternopil - Lviv - Przemyśl Gł.<br><br>074: Przemyśl Gł. - Lviv - Ternopil - Khmelnytskyi - Vinnytsia - Kyiv Pasazhyrskyi - Myrhorod - Poltava - Kharkiv","countries":"PL, UA","operators":"UZ","source":"https://booking.uz.gov.ua/en/"},"142":{"route_id":142,"night_train":"BDŽ 2636 + 2637","route_long_name":"","itinerary":"Dobrich – Sofia","itinerary_long":"2636: Dobrich - Donchevo - Botevo - Baqël - General Kiselovo - Valchi Dol - Suvorovo - Chernevo - Kipra - Devnya - Poveljanovo - Zverino - Lakatnik - Svoge - Kurilo - Sofia Sever - Sofia<br><br>2637: Sofia - Sofia Sever - Rebrovo - Svoge - Cerovo - Bov - Lakatnik - Zverino - Mezdra - Roman - Cherven Bryag - Telish - Poveljanovo - Devnya - Kipra - Chernevo - Suvorovo - Valchi Dol - General Kiselovo - Oborishte - Botevo - Donchevo - Dobrich","countries":"BG","operators":"BDŽ","source":"https://razpisanie.bdz.bg/en"},"147":{"route_id":147,"night_train":"UZ 036 Š + 036 L","route_long_name":"","itinerary":"Odesa – Przemyśl","itinerary_long":"036 Š: Odesa Holovna - Zhmerynka - Khmelnytskyi - Ternopil - Lviv - Przemyśl Gł.<br><br>036 L: Przemyśl Gł. - Lviv - Ternopil - Khmelnytskyi - Zhmerynka - Odesa Holovna","countries":"PL, UA","operators":"UZ","source":"https://booking.uz.gov.ua/en/"},"149":{"route_id":149,"night_train":"UZ 041 + 042","route_long_name":"","itinerary":"Dnipro – Truskavets","itinerary_long":"041: Dnipro Holovny - Oleksandriia - Vinnytsia - Ternopil - Lviv - Truskavets<br><br>042: Truskavets - Lviv - Ternopil - Khmelnytskyi - Vinnytsia - Oleksandriia - Dnipro Holovny","countries":"UA","operators":"UZ","source":"https://booking.uz.gov.ua/en/"},"150":{"route_id":150,"night_train":"UZ 015 + 016","route_long_name":"","itinerary":"Kharkiv – Yasinia","itinerary_long":"015: Kharkiv - Poltava - Myrhorod - Lubny - Kyiv Pasazhyrskyi - Lviv - Ivano-Frankivsk - Vorokhta - Yasinia<br><br>016: Yasinia - Vorokhta - Ivano-Frankivsk - Lviv - Kyiv Pasazhyrskyi - Lubny - Myrhorod - Poltava - Kharkiv","countries":"UA","operators":"UZ","source":"https://booking.uz.gov.ua/en/"},"151":{"route_id":151,"night_train":"UZ 112 L + 112 P","route_long_name":"","itinerary":"Lviv – Izyum","itinerary_long":"112 L: Lviv - Kyiv Pasazhyrskyi - Lubny - Myrhorod - Poltava - Kharkiv - Izyum<br><br>112 P: Izyum - Kharkiv - Poltava - Myrhorod - Lubny - Kyiv Pasazhyrskyi - Lviv","countries":"UA","operators":"UZ","source":"https://booking.uz.gov.ua/en/"},"152":{"route_id":152,"night_train":"UZ 023 + 024","route_long_name":"","itinerary":"Kyiv – Chelm","itinerary_long":"023: Kyiv Pasazhyrskyi - Rivne - Kovel - Chelm<br><br>024: Chelm - Kovel - Rivne - Kyiv Pasazhyrskyi","countries":"UA, PL","operators":"UZ","source":"https://booking.uz.gov.ua/en/"},"153":{"route_id":153,"night_train":"UZ 019 + 020","route_long_name":"","itinerary":"Kyiv – Chelm","itinerary_long":"019: Kyiv Pasazhyrskyi - Kovel - Chelm<br><br>020: Chelm - Kovel - Kyiv Pasazhyrskyi","countries":"UA, PL","operators":"UZ","source":"https://booking.uz.gov.ua/en/"},"154":{"route_id":154,"night_train":"UZ 007 O/059 O + 008 Š/060 Š","route_long_name":"","itinerary":"Kharkiv – Odesa","itinerary_long":"007 O/059 O: Kharkiv - Poltava - Kremenchuk - Odesa Holovna<br><br>008 Š/060 Š: Odesa Holovna - Kremenchuk - Poltava - Kharkiv","countries":"UA","operators":"UZ","source":"https://booking.uz.gov.ua/en/"},"155":{"route_id":155,"night_train":"UZ 032 D + 032 P","route_long_name":"","itinerary":"Przemyśl – Zaporizhzhia","itinerary_long":"032 D: Przemyśl Gł. - Lviv - Oleksandriia - Dnipro Holovny - Zaporizhzhia 1<br><br>032 P: Zaporizhzhia 1 - Dnipro Holovny - Oleksandriia - Lviv - Przemyśl Gł.","countries":"UA","operators":"UZ","source":"https://booking.uz.gov.ua/en/"},"156":{"route_id":156,"night_train":"UZ 021 + 022","route_long_name":"","itinerary":"Kharkiv – Lviv","itinerary_long":"021: Kharkiv - Poltava - Myrhorod - Lubny - Kyiv Pasazhyrskyi - Vinnytsia - Khmelnytskyi - Ternopil - Lviv<br><br>022: Lviv - Ternopil - Khmelnytskyi - Vinnytsia - Kyiv Pasazhyrskyi - Lubny - Myrhorod - Poltava - Kharkiv","countries":"UA","operators":"UZ","source":"https://booking.uz.gov.ua/en/"},"157":{"route_id":157,"night_train":"UZ 113 + 114","route_long_name":"","itinerary":"Kharkiv – Lviv","itinerary_long":"113: Kharkiv - Sumy - Konotop - Kyiv Pasazhyrskyi - Fastiv - Korosten - Kovel - Chervonohrad - Lviv<br><br>114: Lviv - Chervonohrad - Kovel - Korosten - Fastiv - Kyiv Pasazhyrskyi - Konotop - Sumy - Kharkiv","countries":"UA","operators":"UZ","source":"https://booking.uz.gov.ua/en/"},"158":{"route_id":158,"night_train":"UZ 065 K + 065 Š","route_long_name":"","itinerary":"Kharkiv – Uman","itinerary_long":"065 K: Kharkiv - Dnipro Holovny - Oleksandriia - Uman<br><br>065 Š: Uman - Oleksandriia - Dnipro Holovny - Kharkiv","countries":"UA","operators":"UZ","source":"https://booking.uz.gov.ua/en/"},"161":{"route_id":161,"night_train":"UZ 063 + 064","route_long_name":"","itinerary":"Kharkiv – Lviv","itinerary_long":"063: Kharkiv - Poltava - Kyiv Pasazhyrskyi - Lviv<br><br>064: Lviv - Kyiv Pasazhyrskyi - Lubny - Kharkiv","countries":"UA","operators":"UZ","source":"https://booking.uz.gov.ua/en/"},"162":{"route_id":162,"night_train":"UZ 017 O/045 D + 017 L/045 L","route_long_name":"","itinerary":"Kharkiv – Uzhhorod","itinerary_long":"017 O/045 D: Kharkiv - Poltava - Myrhorod - Lubny - Kyiv Pasazhyrskyi - Stryj - Mukacheve - Uzhhorod<br><br>017 L/045 L: Uzhhorod - Mukacheve - Stryj - Lviv - Kyiv Pasazhyrskyi - Lubny - Myrhorod - Poltava - Kharkiv","countries":"UA","operators":"UZ","source":"https://booking.uz.gov.ua/en/"},"164":{"route_id":164,"night_train":"UZ 001 D + 001 L","route_long_name":"","itinerary":"Kharkiv – Ivano-Frankivsk","itinerary_long":"001 D: Kharkiv - Poltava - Myrhorod - Kyiv Pasazhyrskyi - Lviv - Ivano-Frankivsk<br><br>001 L: Ivano-Frankivsk - Lviv - Kyiv Pasazhyrskyi - Myrhorod - Poltava - Kharkiv","countries":"UA","operators":"UZ","source":"https://booking.uz.gov.ua/en/"},"166":{"route_id":166,"night_train":"UZ 141 + 142","route_long_name":"","itinerary":"Ivano-Frankivsk – Chernihiv","itinerary_long":"141: Ivano-Frankivsk - Lviv - Ternopil - Khmelnytskyi - Vinnytsia - Kyiv Pasazhyrskyi - Chernihiv<br><br>142: Chernihiv - Kyiv Pasazhyrskyi - Vinnytsia - Khmelnytskyi - Ternopil - Lviv - Ivano-Frankivsk","countries":"UA","operators":"UZ","source":"https://booking.uz.gov.ua/en/"},"167":{"route_id":167,"night_train":"UZ 149 + 150","route_long_name":"","itinerary":"Poltava – Chernivtsi","itinerary_long":"149: Poltava - Myrhorod - Lubny - Kyiv Pasazhyrskyi - Lviv - Ivano-Frankivsk - Chernivtsi<br><br>150: Chernivtsi - Ivano-Frankivsk - Lviv - Kyiv Pasazhyrskyi - Lubny - Myrhorod - Poltava","countries":"UA","operators":"UZ","source":"https://booking.uz.gov.ua/en/"},"168":{"route_id":168,"night_train":"UZ 007 K + 008 L","route_long_name":"","itinerary":"Kyiv – Chernivtsi","itinerary_long":"007 K: Kyiv Pasazhyrskyi - Lviv - Ivano-Frankivsk - Chernivtsi<br><br>008 L: Chernivtsi - Ivano-Frankivsk - Lviv - Kyiv Pasazhyrskyi","countries":"UA","operators":"UZ","source":"https://booking.uz.gov.ua/en/"},"170":{"route_id":170,"night_train":"UZ 079 + 080","route_long_name":"","itinerary":"Dnipro – Lviv","itinerary_long":"079: Dnipro Holovny - Oleksandriia - Kyiv Pasazhyrskyi - Lviv<br><br>080: Lviv - Kyiv Pasazhyrskyi - Oleksandriia - Dnipro Holovny","countries":"UA","operators":"UZ","source":"https://booking.uz.gov.ua/en/"},"172":{"route_id":172,"night_train":"UZ 075 + 076","route_long_name":"","itinerary":"Kyiv – Kryvyi Rih","itinerary_long":"075: Kyiv Pasazhyrskyi - Oleksandriia - Kryvyi Rih<br><br>076: Kryvyi Rih - Oleksandriia - Kyiv Pasazhyrskyi","countries":"UA","operators":"UZ","source":"https://booking.uz.gov.ua/en/"},"173":{"route_id":173,"night_train":"UZ 105 + 106","route_long_name":"","itinerary":"Kyiv – Odesa","itinerary_long":"105: Kyiv Pasazhyrskyi - Fastiv - Vinnytsia - Zhmerynka - Podilsk - Odesa Holovna<br><br>106: Odesa Holovna - Podilsk - Zhmerynka - Vinnytsia - Fastiv - Kyiv Pasazhyrskyi","countries":"UA","operators":"UZ","source":"https://booking.uz.gov.ua/en/"},"175":{"route_id":175,"night_train":"UZ 181 L + 181 P","route_long_name":"","itinerary":"Ivano-Frankivsk – Dnipro","itinerary_long":"181 L: Ivano-Frankivsk - Lviv - Ternopil - Khmelnytskyi - Vinnytsia - Oleksandriia - Dnipro Holovny<br><br>181 P: Dnipro Holovny - Oleksandriia - Vinnytsia - Khmelnytskyi - Ternopil - Lviv - Ivano-Frankivsk","countries":"UA","operators":"UZ","source":"https://booking.uz.gov.ua/en/"},"177":{"route_id":177,"night_train":"UZ 143 + 144","route_long_name":"","itinerary":"Sumy – Rakhiv","itinerary_long":"143: Sumy - Konotop - Kyiv Pasazhyrskyi - Vinnytsia - Khmelnytskyi - Ternopil - Lviv - Ivano-Frankivsk - Yasinia - Rakhiv<br><br>144: Rakhiv - Yasinia - Ivano-Frankivsk - Lviv - Ternopil - Khmelnytskyi - Vinnytsia - Kyiv Pasazhyrskyi - Konotop - Sumy","countries":"UA","operators":"UZ","source":"https://booking.uz.gov.ua/en/"},"178":{"route_id":178,"night_train":"UZ 043 L + 043 Š","route_long_name":"","itinerary":"Ivano-Frankivsk – Cherkasy","itinerary_long":"043 L: Ivano-Frankivsk - Kalush - Stryj - Lviv - Dubno - Korosten - Kyiv Pasazhyrskyi - Cherkasy<br><br>043 Š: Cherkasy - Kyiv Pasazhyrskyi - Korosten - Dubno - Lviv - Stryj - Kalush - Ivano-Frankivsk","countries":"UA","operators":"UZ","source":"https://booking.uz.gov.ua/en/"},"180":{"route_id":180,"night_train":"UZ 139 + 140","route_long_name":"","itinerary":"Kyiv – Kamianets-Podilskyi","itinerary_long":"139: Kyiv Pasazhyrskyi - Fastiv - Kamianets-Podilskyi<br><br>140: Kamianets-Podilskyi - Fastiv - Kyiv Pasazhyrskyi","countries":"UA","operators":"UZ","source":"https://booking.uz.gov.ua/en/"},"181":{"route_id":181,"night_train":"UZ 067 + 068","route_long_name":"","itinerary":"Kyiv – Warszawa","itinerary_long":"067: Kyiv Pasazhyrskyi - Kovel - Chelm - Lublin - Warszawa Wschodnia<br><br>068: Warszawa Wschodnia - Lublin - Chelm - Kovel - Kyiv Pasazhyrskyi","countries":"PL, UA","operators":"UZ","source":"https://booking.uz.gov.ua/en/"},"182":{"route_id":182,"night_train":"UZ 097 + 098","route_long_name":"","itinerary":"Kyiv – Kovel","itinerary_long":"097: Kyiv Pasazhyrskyi - Korosten - Rivne - Lutsk - Kovel<br><br>098: Kovel - Lutsk - Rivne - Korosten - Kyiv Pasazhyrskyi","countries":"UA","operators":"UZ","source":"https://booking.uz.gov.ua/en/"},"183":{"route_id":183,"night_train":"UZ 009 / 010","route_long_name":"","itinerary":"Kyiv – Budapest","itinerary_long":"009: Kyiv Pasazhyrskyi - Lviv - Mukacheve - Chop - Nyíregyháza - Szolnok - Budapest Keleti<br><br>010: Budapest Keleti - Szolnok - Debrecen - Chop - Mukacheve - Lviv - Kyiv Pasazhyrskyi","countries":"HU, UA","operators":"UZ","source":"https://booking.uz.gov.ua/en/"},"185":{"route_id":185,"night_train":"UZ 049 + 050","route_long_name":"","itinerary":"Kyiv – Truskavets","itinerary_long":"049: Kyiv Pasazhyrskyi - Fastiv - Lviv - Truskavets<br><br>050: Truskavets - Lviv - Fastiv - Kyiv Pasazhyrskyi","countries":"UA","operators":"UZ","source":"https://booking.uz.gov.ua/en/"},"186":{"route_id":186,"night_train":"UZ 029 K + 029 L","route_long_name":"","itinerary":"Kyiv – Uzhhorod","itinerary_long":"029 K: Kyiv Pasazhyrskyi - Lviv - Mukacheve - Uzhhorod<br><br>029 L: Uzhhorod - Mukacheve - Lviv - Kyiv Pasazhyrskyi","countries":"UA","operators":"UZ","source":"https://booking.uz.gov.ua/en/"},"189":{"route_id":189,"night_train":"UZ 038 K + 038 P","route_long_name":"","itinerary":"Kyiv – Zaporizhzhia","itinerary_long":"038 K: Kyiv Pasazhyrskyi - Dnipro Holovny - Zaporizhzhia 1<br><br>038 P: Zaporizhzhia 1 - Dnipro Holovny - Kyiv Pasazhyrskyi","countries":"UA","operators":"UZ","source":"https://booking.uz.gov.ua/en/"},"190":{"route_id":190,"night_train":"UZ 059 K + 060 L","route_long_name":"","itinerary":"Kyiv – Chop","itinerary_long":"059 K: Kyiv Pasazhyrskyi - Fastiv - Vinnytsia - Lviv - Sambir - Uzhhorod - Chop<br><br>060 L: Chop - Uzhhorod - Sambir - Lviv - Vinnytsia - Fastiv - Kyiv Pasazhyrskyi","countries":"UA","operators":"UZ","source":"https://booking.uz.gov.ua/en/"},"191":{"route_id":191,"night_train":"UZ 012 L + 012 Š","route_long_name":"","itinerary":"Lviv – Odesa","itinerary_long":"012 L: Lviv - Ternopil - Khmelnytskyi - Odesa Holovna<br><br>012 Š: Odesa Holovna - Zhmerynka - Ternopil - Lviv","countries":"UA","operators":"UZ","source":"https://booking.uz.gov.ua/en/"},"195":{"route_id":195,"night_train":"UZ/CFM 351 K + 351 L","route_long_name":"","itinerary":"Kyiv – Chişinău","itinerary_long":"351 K: Kyiv Pasazhyrskyi - Vinnytsia - Zhmerynka - Ungheni - Chişinău<br><br>351 L: Chişinău - Ungheni - Zhmerynka - Vinnytsia - Kyiv Pasazhyrskyi","countries":"UA, MD","operators":"UZ, CFM","source":"https://booking.uz.gov.ua/en/"},"196":{"route_id":196,"night_train":"UZ 357 + 358","route_long_name":"","itinerary":"Kyiv – Yasinia","itinerary_long":"357: Kyiv Pasazhyrskyi - Fastiv - Vinnytsia - Khmelnytskyi - Ternopil - Vorokhta - Yasinia<br><br>358: Yasinia - Vorokhta - Ternopil - Khmelnytskyi - Vinnytsia - Fastiv - Kyiv Pasazhyrskyi","countries":"UA","operators":"UZ","source":"https://booking.uz.gov.ua/en/"},"197":{"route_id":197,"night_train":"UZ 091 + 092","route_long_name":"","itinerary":"Kyiv – Lviv","itinerary_long":"091: Kyiv Pasazhyrskyi - Kyiv Sviatoshyn - Lviv Pidzamche - Lviv<br><br>092: Lviv - Lviv Pidzamche - Kyiv Sviatoshyn - Kyiv Pasazhyrskyi","countries":"UA","operators":"UZ","source":"https://booking.uz.gov.ua/en/"},"198":{"route_id":198,"night_train":"UZ 055 + 056","route_long_name":"","itinerary":"Kyiv – Rakhiv","itinerary_long":"055: Kyiv Pasazhyrskyi - Fastiv - Vinnytsia - Khmelnytskyi - Ternopil - Lviv - Ivano-Frankivsk - Vorokhta - Yasinia - Rakhiv<br><br>056: Rakhiv - Yasinia - Vorokhta - Ivano-Frankivsk - Lviv - Ternopil - Khmelnytskyi - Vinnytsia - Fastiv - Kyiv Pasazhyrskyi","countries":"UA","operators":"UZ","source":"https://booking.uz.gov.ua/en/"},"199":{"route_id":199,"night_train":"UZ 095 + 096","route_long_name":"","itinerary":"Kyiv – Rakhiv","itinerary_long":"095: Kyiv Pasazhyrskyi - Lviv - Ivano-Frankivsk - Vorokhta - Yasinia - Rakhiv<br><br>096: Rakhiv - Yasinia - Vorokhta - Ivano-Frankivsk - Lviv - Kyiv Pasazhyrskyi","countries":"UA","operators":"UZ","source":"https://booking.uz.gov.ua/en/"},"200":{"route_id":200,"night_train":"UZ 121 + 122","route_long_name":"","itinerary":"Kherson – Kyiv","itinerary_long":"121: Kherson - Mykolaiv - Kyiv Pasazhyrskyi<br><br>122: Kyiv Pasazhyrskyi - Mykolaiv - Kherson","countries":"UA","operators":"UZ","source":"https://booking.uz.gov.ua/en/"},"201":{"route_id":201,"night_train":"UZ 194 L + 194 P","route_long_name":"","itinerary":"Yasinia – Kryvyi Rih","itinerary_long":"194 L: Yasinia - Vorokhta - Ivano-Frankivsk - Lviv - Kyiv Pasazhyrskyi - Oleksandriia - Kryvyi Rih<br><br>194 P: Kryvyi Rih - Oleksandriia - Kyiv Pasazhyrskyi - Lviv - Ivano-Frankivsk - Vorokhta - Yasinia","countries":"UA","operators":"UZ","source":"https://booking.uz.gov.ua/en/"},"203":{"route_id":203,"night_train":"UZ 013 K + 013 L","route_long_name":"","itinerary":"Kyiv – Solotvyno","itinerary_long":"013 K: Kyiv Pasazhyrskyi - Fastiv - Vinnytsia - Khmelnytskyi - Ternopil - Lviv - Stryj - Mukacheve - Solotvyno<br><br>013 L: Solotvyno - Stryj - Lviv - Ternopil - Khmelnytskyi - Vinnytsia - Fastiv - Kyiv Pasazhyrskyi","countries":"UA","operators":"UZ","source":"https://booking.uz.gov.ua/en/"},"207":{"route_id":207,"night_train":"UZ 052 P/053 + 052 Š/054","route_long_name":"","itinerary":"Dnipro – Odesa","itinerary_long":"052 P/053: Dnipro Holovny - Oleksandriia - Kropyvnytskyi - Podilsk - Odesa Holovna<br><br>052 Š/054: Odesa Holovna - Podilsk - Kropyvnytskyi - Oleksandriia - Dnipro Holovny","countries":"UA","operators":"UZ","source":"https://booking.uz.gov.ua/en/"},"208":{"route_id":208,"night_train":"UZ 093 + 094","route_long_name":"","itinerary":"Kharkiv – Chelm","itinerary_long":"093: Kharkiv - Poltava - Myrhorod - Lubny - Kyiv Pasazhyrskyi - Rivne - Kovel - Chelm<br><br>094: Chelm - Kovel - Rivne - Kyiv Pasazhyrskyi - Lubny - Myrhorod - Poltava - Kharkiv","countries":"UA","operators":"UZ","source":"https://booking.uz.gov.ua/en/"},"209":{"route_id":209,"night_train":"UZ 088 L + 088 P","route_long_name":"","itinerary":"Kovel – Zaporizhzhia","itinerary_long":"088 L: Kovel - Lutsk - Rivne - Oleksandriia - Dnipro Holovny - Zaporizhzhia 1<br><br>088 P: Zaporizhzhia 1 - Dnipro Holovny - Oleksandriia - Rivne - Lutsk - Kovel","countries":"UA","operators":"UZ","source":"https://booking.uz.gov.ua/en/"},"210":{"route_id":210,"night_train":"UZ 192 P + 192 Š","route_long_name":"","itinerary":"Kramatorsk – Odesa","itinerary_long":"192 P: Kramatorsk - Sloviansk - Dnipro Holovny - Oleksandriia - Podilsk - Odesa Holovna<br><br>192 Š: Odesa Holovna - Podilsk - Oleksandriia - Dnipro Holovny - Sloviansk - Kramatorsk","countries":"UA","operators":"UZ","source":"https://booking.uz.gov.ua/en/"},"211":{"route_id":211,"night_train":"UZ 086 L + 086 P","route_long_name":"","itinerary":"Lviv – Zaporizhzhia","itinerary_long":"086 L: Lviv - Ternopil - Khmelnytskyi - Vinnytsia - Oleksandriia - Dnipro Holovny - Zaporizhzhia 1<br><br>086 P: Zaporizhzhia 1 - Dnipro Holovny - Oleksandriia - Vinnytsia - Khmelnytskyi - Ternopil - Lviv","countries":"UA","operators":"UZ","source":"https://booking.uz.gov.ua/en/"},"212":{"route_id":212,"night_train":"UZ 128 L + 128 P","route_long_name":"","itinerary":"Lviv – Zaporizhzhia","itinerary_long":"128 L: Lviv - Lviv Pidzamche - Ternopil - Khmelnytskyi - Zhmerynka - Oleksandriia - Kryvyi Rih - Dnipro Holovny - Zaporizhzhia 1<br><br>128 P: Zaporizhzhia 1 - Dnipro Holovny - Kryvyi Rih - Oleksandriia - Zhmerynka - Khmelnytskyi - Ternopil - Lviv Pidzamche - Lviv Pidzamche","countries":"UA","operators":"UZ","source":"https://booking.uz.gov.ua/en/"},"213":{"route_id":213,"night_train":"UZ 109 + 110","route_long_name":"","itinerary":"Kherson – Lviv","itinerary_long":"109: Kherson - Mykolaiv - Vinnytsia - Zhmerynka - Khmelnytskyi - Ternopil - Lviv<br><br>110: Lviv - Ternopil - Khmelnytskyi - Zhmerynka - Vinnytsia - Mykolaiv - Kherson","countries":"UA","operators":"UZ","source":"https://booking.uz.gov.ua/en/"},"218":{"route_id":218,"night_train":"UZ 037 + 038 O/Š","route_long_name":"","itinerary":"Uzhhorod – Odesa","itinerary_long":"037: Uzhhorod - Mukacheve - Stryj - Lviv - Ternopil - Khmelnytskyi - Zhmerynka - Odesa Holovna<br><br>038 O/Š: Odesa Holovna - Zhmerynka - Khmelnytskyi - Ternopil - Lviv - Stryj - Mukacheve - Uzhhorod","countries":"UA","operators":"UZ","source":"https://booking.uz.gov.ua/en/"},"219":{"route_id":219,"night_train":"UZ 136 L + 136 Š","route_long_name":"","itinerary":"Chernivtsi – Odesa","itinerary_long":"136 L: Chernivtsi - Ivano-Frankivsk - Lviv - Ternopil - Khmelnytskyi - Zhmerynka - Podilsk - Odesa Holovna<br><br>136 Š: Odesa Holovna - Podilsk - Zhmerynka - Khmelnytskyi - Ternopil - Lviv - Ivano-Frankivsk - Chernivtsi","countries":"UA","operators":"UZ","source":"https://booking.uz.gov.ua/en/"},"220":{"route_id":220,"night_train":"UZ 003 + 004","route_long_name":"","itinerary":"Uzhhorod – Zaporizhzhia","itinerary_long":"003: Uzhhorod - Mukacheve - Stryj - Lviv - Dnipro Holovny - Zaporizhzhia 1<br><br>004: Zaporizhzhia 1 - Dnipro Holovny - Lviv - Stryj - Mukacheve - Uzhhorod","countries":"UA","operators":"UZ","source":"https://booking.uz.gov.ua/en/"},"221":{"route_id":221,"night_train":"UZ 006 L + 006 P","route_long_name":"","itinerary":"Yasinia – Zaporizhzhia","itinerary_long":"006 L: Yasinia - Vorokhta - Ivano-Frankivsk - Lviv - Dnipro Holovny - Zaporizhzhia 1<br><br>006 P: Zaporizhzhia 1 - Dnipro Holovny - Lviv - Ivano-Frankivsk - Vorokhta - Yasinia","countries":"UA","operators":"UZ","source":"https://booking.uz.gov.ua/en/"},"222":{"route_id":222,"night_train":"UZ 078 L + 078 Š","route_long_name":"","itinerary":"Kovel – Odesa","itinerary_long":"078 L: Kovel - Lutsk - Rivne - Vinnytsia - Podilsk - Odesa Holovna<br><br>078 Š: Odesa Holovna - Podilsk - Vinnytsia - Rivne - Lutsk - Kovel","countries":"UA","operators":"UZ","source":"https://booking.uz.gov.ua/en/"},"224":{"route_id":224,"night_train":"MÁV 1246 / 1605 / 481 + 480 / 1604 / 1247","route_long_name":"Istria","itinerary":"Budapest – Rijeka","itinerary_long":"1246 / 1605 / 481: Budapest Déli - Budapest Kelenföld - Vesprem - Zalaegerszeg - Ljubljana - Opatija Matulji - Rijeka<br><br>480 / 1604 / 1247: Rijeka - Opatija Matulji - Ljubljana - Zalaegerszeg - Vesprem - Budapest Kelenföld - Budapest Déli","countries":"HU, SI, HR","operators":"MÁV","source":"https://jegy.mav.hu/"},"225":{"route_id":225,"night_train":"MÁV IC 1204 + IC 1205","route_long_name":"Adria","itinerary":"Budapest – Split","itinerary_long":"IC 1204: Budapest Keleti - Budapest Kelenföld - Székesfehérvár - Siófok - Nagykanizsa - Zagreb Gl. K. - Karlovac - Knin - Split<br><br>IC 1205: Split - Knin - Karlovac - Zagreb Gl. K. - Nagykanizsa - Siófok - Székesfehérvár - Budapest Kelenföld - Budapest Keleti","countries":"HU, HR","operators":"MÁV","source":"https://jegy.mav.hu/"},"227":{"route_id":227,"night_train":"UZ 081 K + 081 L","route_long_name":"","itinerary":"Kyiv – Uzhhorod","itinerary_long":"081 K: Kyiv Pasazhyrskyi - Vinnytsia - Khmelnytskyi - Ternopil - Lviv - Stryj - Mukacheve - Chop - Uzhhorod<br><br>081 L: Uzhhorod - Chop - Mukacheve - Stryj - Lviv - Ternopil - Khmelnytskyi - Vinnytsia - Kyiv Pasazhyrskyi","countries":"UA","operators":"UZ","source":"https://booking.uz.gov.ua/en/"},"229":{"route_id":229,"night_train":"ÖBB NJ 446 + NJ 447","route_long_name":"","itinerary":"Wien – Bregenz","itinerary_long":"NJ 446: Wien Hbf - Wien Meidling - St. Pölten Hbf - Amstetten (NÖ) - Linz Hbf - Wels Hbf - Innsbruck Hbf - St. Anton am Arlberg - Bludenz - Feldkirch - Dornbirn - Bregenz<br><br>NJ 447: Bregenz - Dornbirn - Hohenems - Götzis - Rankweil - Feldkirch - Bludenz - Langen am Arlberg - St. Anton am Arlberg - Landeck-Zams - Imst-Pitztal - Ötztal - Innsbruck Hbf - Salzburg Hbf - Vöcklabruck - Attnang-Puchheim - Wels Hbf - Linz Hbf - St. Valentin - Amstetten (NÖ) - St. Pölten Hbf - Wien Meidling - Wien Hbf - Wien Hbf (Autoreisezuganlage)","countries":"AT, CH","operators":"ÖBB","source":"https://www.nightjet.com/"},"231":{"route_id":231,"night_train":"ÖBB NJ 233 + NJ 235","route_long_name":"","itinerary":"Wien – La Spezia","itinerary_long":"NJ 233: Wien Hbf - Klagenfurt Hbf - Villach Hbf - Verona Porta Nuova - Milano Rogoredo - Genova Piazza Principe - Levanto - La Spezia Centrale<br><br>NJ 235: La Spezia Centrale - Levanto - Genova Piazza Principe - Milano Rogoredo - Verona Porta Nuova - Klagenfurt Hbf - Bruck an der Mur - Wiener Neustadt Hbf - Wien Hbf","countries":"AT, IT","operators":"ÖBB","source":"https://www.nightjet.com/"},"232":{"route_id":232,"night_train":"ÖBB NJ 40233 + NJ 40294","route_long_name":"","itinerary":"Wien – Roma","itinerary_long":"NJ 40233: Wien Hbf - Wiener Neustadt Hbf - Bruck an der Mur - Klagenfurt Hbf - Villach Hbf - Bologna Centrale - Firenze S. M. N. - Roma Tiburtina<br><br>NJ 40294: Roma Tiburtina - Firenze Campo di Marte - Bologna Centrale - Villach Hbf - Klagenfurt Hbf - Wien Hbf","countries":"AT, IT","operators":"ÖBB","source":"https://www.nightjet.com/"},"233":{"route_id":233,"night_train":"ÖBB NJ 40236 + NJ 40466","route_long_name":"","itinerary":"Venezia – Wien","itinerary_long":"NJ 40236: Venezia Santa Lucia - Treviso Centrale - Udine - Villach Hbf - Salzburg Hbf - Linz Hbf - Wien Hbf<br><br>NJ 40466: Wien Hbf - St. Pölten Hbf - Linz Hbf - Salzburg Hbf - Villach Hbf - Udine - Treviso Centrale - Venezia Santa Lucia","countries":"AT, IT","operators":"ÖBB","source":"https://www.nightjet.com/"},"235":{"route_id":235,"night_train":"ÖBB NJ 464 + NJ 465","route_long_name":"","itinerary":"Graz – Zürich","itinerary_long":"NJ 464: Graz Hbf - Bruck an der Mur - Leoben Hbf - St. Michael (Obersteiermark) - Selzthal - Liezen - Stainach-Irdning - Schladming - Bischofshofen - Schwarzach-St.Veit - Innsbruck Hbf - Landeck-Zams - St. Anton am Arlberg - Langen am Arlberg - Bludenz - Feldkirch - Buchs (SG) - Sargans - Zürich HB<br><br>NJ 465: Zürich HB - Sargans - Buchs (SG) - Feldkirch - Bludenz - Langen am Arlberg - St. Anton am Arlberg - Landeck-Zams - Innsbruck Hbf - Schwarzach-St.Veit - Bischofshofen - Schladming - Stainach-Irdning - Liezen - Selzthal - St. Michael (Obersteiermark) - Leoben Hbf - Bruck an der Mur - Graz Hbf","countries":"AT, LI, CH","operators":"ÖBB","source":"https://www.nightjet.com/"},"237":{"route_id":237,"night_train":"ES 452 + 453","route_long_name":"","itinerary":"Praha – Bruxelles / Brussel","itinerary_long":"452: Praha hl.n. - Ústí nad Labem hl.n. - Děčín hl.n. - Bad Schandau - Dresden Hbf - Dresden Neustadt - Berlin Hbf - Deventer - Amersfoort Centraal - Amsterdam Centraal - Rotterdam Centraal - Antwerpen Centraal / Anvers Central - Bruxelles Midi / Brussel Zuid<br><br>453: Bruxelles Midi / Brussel Zuid - Antwerpen Centraal / Anvers Central - Rotterdam Centraal - Den Haag - Schipol Airport - Amsterdam Centraal - Amersfoort Centraal - Deventer - Berlin Hbf - Dresden Neustadt - Dresden Hbf - Bad Schandau - Děčín hl.n. - Ústí nad Labem hl.n. - Praha hl.n.","countries":"CZ, DE, NL, BE","operators":"ES","source":"https://www.europeansleeper.eu/"},"238":{"route_id":238,"night_train":"ES 496 + 497","route_long_name":"","itinerary":"Paris – Berlin","itinerary_long":"496: Paris Gare du Nord - Bruxelles Midi / Brussel Zuid - Berlin Hbf<br><br>497: Berlin Hbf - Bruxelles Midi / Brussel Zuid - Paris Gare du Nord","countries":"DE, BE, FR","operators":"ES","source":"https://www.europeansleeper.eu/"},"243":{"route_id":243,"night_train":"TCDD 22012 + 52011","route_long_name":"Vangölü Ekspresi","itinerary":"Ankara – Tatvan","itinerary_long":"22012: Ankara - Kırıkkale - Kayseri - Sivas - Malatya - Elazığ - Mûş - Tatvan<br><br>52011: Tatvan - Mûş - Elazığ - Malatya - Sivas - Kayseri - Kırıkkale - Ankara","countries":"TR","operators":"TCDD","source":"https://www.tcddtasimacilik.gov.tr/"},"245":{"route_id":245,"night_train":"TCDD 22014 + 52013","route_long_name":"Güney Ekspresi","itinerary":"Ankara – Kurtalan","itinerary_long":"22014: Ankara - Kırıkkale - Kayseri - Sivas - Diyarbakır - Batman - Kurtalan<br><br>52013: Kurtalan - Batman - Diyarbakır - Sivas - Kayseri - Kırıkkale - Ankara","countries":"TR","operators":"TCDD","source":"https://www.tcddtasimacilik.gov.tr/"},"246":{"route_id":246,"night_train":"TCDD 22018 + 52019","route_long_name":"4 Eylül Mavi","itinerary":"Ankara – Malatya","itinerary_long":"22018: Ankara - Kırıkkale - Sivas - Malatya<br><br>52019: Malatya - Sivas - Kayseri - Kırıkkale - Ankara","countries":"TR","operators":"TCDD","source":"https://www.tcddtasimacilik.gov.tr/"},"247":{"route_id":247,"night_train":"TCDD 22010 + 42009","route_long_name":"Dogu Ekspresi","itinerary":"Ankara – Kars","itinerary_long":"22010: Ankara - Kırıkkale - Kayseri - Sivas - Erzincan - Erzurum - Kars<br><br>42009: Kars - Erzurum - Erzincan - Sivas - Kayseri - Kırıkkale - Ankara","countries":"TR","operators":"TCDD","source":"https://www.tcddtasimacilik.gov.tr/"},"248":{"route_id":248,"night_train":"TCDD 32007 + 72008","route_long_name":"Konya Mavi","itinerary":"İzmir – Konya","itinerary_long":"32007: İzmir Basmane - İzmir Çiğli - Manisa - Afyon A Çetinkaya - Konya<br><br>72008: Konya - Afyon A Çetinkaya - Manisa - İzmir Çiğli - İzmir Basmane","countries":"TR","operators":"TCDD","source":"https://www.tcddtasimacilik.gov.tr/"},"249":{"route_id":249,"night_train":"CFR R-E 4007/1642 + 1641/R-E 4008","route_long_name":"","itinerary":"Bistrița – București","itinerary_long":"R-E 4007/1642: Bistrița Nord - Sărățel - Gheorgheni - Brașov - Câmpina - Ploiești Vest - București Nord<br><br>1641/R-E 4008: București Nord - Ploiești Vest - Brașov - Gheorgheni - Sărățel - Bistrița Nord","countries":"RO","operators":"CFR","source":"https://www.cfrcalatori.ro/"},"250":{"route_id":250,"night_train":"CFR 1641 (CN) + 1642 (CN)","route_long_name":"","itinerary":"București – Cluj-Napoca","itinerary_long":"1641 (CN): București Nord - Ploiești Vest - Brașov - Sighișoara - Cluj-Napoca<br><br>1642 (CN): Cluj-Napoca - Sighișoara - Brașov - Câmpina - Ploiești Vest - București Nord","countries":"RO","operators":"CFR","source":"https://www.cfrcalatori.ro/"},"251":{"route_id":251,"night_train":"CFR R 4116 + 1641/R 4112","route_long_name":"","itinerary":"Sighetu Marmației – București","itinerary_long":"R 4116: Sighetu Marmației - Vișeu de Jos - Beclean pe Somes - Gheorgheni - Câmpina - Ploiești Vest - București Nord<br><br>1641/R 4112: București Nord - Ploiești Vest - Câmpina - Brașov - Miercurea Ciuc - Beclean pe Somes - Vișeu de Jos - Sighetu Marmației","countries":"RO","operators":"CFR","source":"https://www.cfrcalatori.ro/en/"},"252":{"route_id":252,"night_train":"UEX 320/324 + 321/325","route_long_name":"","itinerary":"Villach – Hamburg","itinerary_long":"320/324: Villach Hbf - Salzburg Hbf - München Ost - Göttingen - Hannover Hbf - Hamburg Hbf - Hamburg Altona<br><br>321/325: Hamburg Altona - Hamburg Hbf - Hannover Hbf - Göttingen - Fulda - München Ost - Salzburg Hbf - Villach Hbf","countries":"DE","operators":"UEX","source":"https://buchung.urlaubs-express.de/"},"253":{"route_id":253,"night_train":"UEX 302/322 + 303/323","route_long_name":"","itinerary":"Innsbruck – Hamburg","itinerary_long":"302/322: Innsbruck Hbf - Jenbach - Kufstein - München Ost - Augsburg Hbf - Hannover Hbf - Hamburg Hbf - Hamburg Altona<br><br>303/323: Hamburg Altona - Hamburg Hbf - Hannover Hbf - Göttingen - Augsburg Hbf - München Ost - Kufstein - Jenbach - Innsbruck Hbf","countries":"DE","operators":"UEX","source":"https://buchung.urlaubs-express.de/"},"254":{"route_id":254,"night_train":"UEX 1856 + 1857","route_long_name":"","itinerary":"München – Hamburg","itinerary_long":"1856: München Ost - Augsburg Hbf - Hannover Hbf - Lüneburg - Hamburg Hbf - Hamburg Altona<br><br>1857: Hamburg Altona - Hamburg Hbf - Hannover Hbf - Augsburg Hbf - München Ost","countries":"DE","operators":"UEX","source":"https://buchung.urlaubs-express.de/"},"255":{"route_id":255,"night_train":"UEX 1858 + 1859","route_long_name":"","itinerary":"Lörrach – Hamburg","itinerary_long":"1858: Lörrach Hbf - Freiburg (Breisgau) Hbf - Karlsruhe Hbf - Hannover Hbf - Lüneburg - Hamburg Hbf - Hamburg Altona<br><br>1859: Hamburg Altona - Hamburg Hbf - Hannover Hbf - Karlsruhe Hbf - Freiburg (Breisgau) Hbf - Lörrach Hbf","countries":"DE","operators":"UEX","source":"https://buchung.urlaubs-express.de/"},"256":{"route_id":256,"night_train":"UEX 332/1372 + 333/1373","route_long_name":"","itinerary":"Innsbruck – Düsseldorf","itinerary_long":"332/1372: Innsbruck Hbf - Jenbach - München Ost - Augsburg Hbf - Gießen - Siegen - Siegburg (Bonn) - Köln Messe/Deutz - Düsseldorf Hbf<br><br>333/1373: Düsseldorf Hbf - Köln Messe/Deutz - Siegburg/Bonn - Siegen - Aschaffenburg Hbf - Augsburg Hbf - München Ost - Jenbach - Innsbruck Hbf","countries":"DE","operators":"UEX","source":"https://buchung.urlaubs-express.de/"},"257":{"route_id":257,"night_train":"UEX 334/1374 + 335/1375","route_long_name":"","itinerary":"Villach – Düsseldorf","itinerary_long":"334/1374: Villach Hbf - Salzburg Hbf - München Ost - Aschaffenburg Hbf - Gießen - Siegen Hbf - Siegburg/Bonn - Köln Messe/Deutz - Düsseldorf Hbf<br><br>335/1375: Düsseldorf Hbf - Köln Messe/Deutz - Siegen Hbf - Aschaffenburg Hbf - München Ost - Salzburg Hbf - Villach Hbf","countries":"DE","operators":"UEX","source":"https://buchung.urlaubs-express.de/"},"260":{"route_id":260,"night_train":"ÖBB NJ 40424 + NJ 40469","route_long_name":"","itinerary":"Berlin – Paris","itinerary_long":"NJ 40424: Berlin Ostbahnhof - Berlin Hbf - Göttingen - Kassel-Wilhelmshöhe - Strasbourg - Paris Est<br><br>NJ 40469: Paris Est - Strasbourg - Frankfurt (Main) Süd - Erfurt Hbf - Halle (Saale) Hbf - Berlin Südkreuz - Berlin Hbf","countries":"DE, FR","operators":"ÖBB","source":"https://www.nightjet.com/"},"261":{"route_id":261,"night_train":"RJ 1038 + 1039","route_long_name":"","itinerary":"Przemyśl – Praha","itinerary_long":"1038: Przemyśl Gł. - Kraków Gł. - Olomouc hl.n. - Praha hl.n.<br><br>1039: Praha hl.n. - Pardubice hl.n. - Olomouc hl.n. - Kraków Gł. - Przemyśl Gł.","countries":"PL, CZ","operators":"RJ","source":"https://regiojet.de/"},"262":{"route_id":262,"night_train":"SNCF IC Nuit 3789 + IC Nuit 3790","route_long_name":"","itinerary":"Paris – Aurillac","itinerary_long":"IC Nuit 3789: Paris Austerlitz - St-Denis-lès-Martel - Bretenoux Biars - Laroquebrou / Laròcabrau - Aurillac<br><br>IC Nuit 3790: Aurillac - Laroquebrou / Laròcabrau - Bretenoux Biars - St-Denis-lès-Martel - Paris Austerlitz","countries":"FR","operators":"SNCF","source":"https://www.sncf-connect.com/en-en/"},"264":{"route_id":264,"night_train":"SNCF IR 11502 + IR 11504","route_long_name":"","itinerary":"Constanța – Arad","itinerary_long":"IR 11502: Constanța - București Nord - Videle - Roșiori Nord - Caracal - Craiova - Caransebeș - Lugoj - Timişoara Nord - Arad<br><br>IR 11504: Arad - Timişoara Nord - Lugoj - Caransebeș - Craiova - Caracal - Roșiori Nord - Videle - București Nord - Constanța","countries":"FR","operators":"SNCF","source":"https://www.sncf-connect.com/en-en/"},"#REF!":{"route_id":"#REF!","night_train":"#REF!","route_long_name":"#REF!","itinerary":"#REF!","itinerary_long":"#REF!","countries":"#REF!","operators":"#REF!","source":"#REF!"}}